,video_title
0,NewJeans (뉴진스) 'Bubble Gum' Official MV
1,"""전쟁이구나""…'아일릿' 공식 SNS, '뉴진스' 악플러 팔로우 논란 / SBS / 스브스픽"
2,뉴진스 까계정 팔로우한 아일릿멤버?
3,뒤늦게 터진 뉴진스 표절 의혹.. ㄷㄷ (feat.아일릿)
4,'마름모 하트'까지 뺏겨버린 뉴진스
5,뉴진스가 베꼈다는 멕시코 걸그룹 '진스'
6,
7,
8,뉴진스 노래모음 (가사포함) | NewJeans Playlist (Korean Lyrics)
9,뉴진스 민지 다니엘 입열다 #뉴진스 #민지 #다니엘
10,[Full Album] NewJeans (뉴진스) - Get Up
11,"2023년은 토끼해라던데!?🐰 Attention부터 Hype boy, Hurt까지 뉴진스 모든 무대 몰아보기 | NewJeans Stage Compilation"
12,[단독샷캠4K] 뉴진스 'OMG' 단독샷 별도녹화│NewJeans ONE TAKE STAGE @SBS Inkigayo 230115
13,NewJeans(뉴진스) - Hype Boy @인기가요 inkigayo 20220821
14,NewJeans (뉴진스) 'Hype Boy' Official MV (Performance ver.2)
15,"𝐏𝐥𝐚𝐲𝐥𝐢𝐬𝐭 트렌드의 아이콘 뉴진스, 잔잔하며 풋풋한 뉴진스의 히트곡 모음 𝑵𝒆𝒘𝑱𝒆𝒂𝒏𝒔 𝑷𝒍𝒂𝒚𝒍𝒊𝒔𝒕"
16,"뉴진스의 심경 토로 ""결국 지나갈 것""...오늘 밤 경복궁 특설무대 올라｜지금 이 장면"
17,뉴진스 vs 아일릿 안무가 얼마나 똑같길래?? #shorts
18,뉴진스 새로운 멤버 발표😳!!!포닝
19,160억 뉴진스 VS 1500억 아일릿
20,'뉴진스'와 멕시코 걸그룹 '진스'
21,
22,
23,"민희진 뉴진스 멤버 비하, 뒷담 욕 결국 인정한 근황, 살 못빼는 개초딩들,하니 개뚱뚱 찌발(실제카톡)"
24,NewJeans 'Ditto' Lyrics (뉴진스 Ditto 가사) (Color Coded Lyrics)
25,NewJeans (뉴진스) 'Ditto' Performance Video
26,[Light Jeans] NIKE Air Max Campaign Shoot Behind 👟 | NewJeans
27,[Jeans' ZINE] 조금 이른 봄놀이 EP.2 비가 와도 직진 직진🛶 | NewJeans
28,⏰Sleeping beauty…🥀 #NewJeans #뉴진스 #NewJeans_is_Everywhere
29,I'm kickin' back and I'm #NewJeans #뉴진스 #NewJeans_is_Everywhere
30,productive baby 👼 #NewJeans #뉴진스#NewJeans_is_Everywhere
31,Finding Bunnies #NewJeans #뉴진스 #Bunnies_Membership #Bunnies_Club
32,
33,
34,NewJeans (뉴진스) 'ETA' Official MV (Performance ver.)
35,NewJeans (뉴진스) 'Hype Boy' Official MV (Performance ver.1)
36,NewJeans (뉴진스) 'OMG' Official MV (Performance ver.1)
37,NewJeans (뉴진스) 'ETA' Official MV
38,ILLIT (아일릿) ‘Magnetic’ Official MV
39,BABYMONSTER - ‘SHEESH’ M/V
40,BTS (방탄소년단) 'Dynamite' Official MV
41,뉴진스(NewJeans) 한복 디자이너가 남긴 장문의 작업 후기에 사람들이 놀란 이유? / MTN STAR
42,소름돋는 뉴진스 위약금.. 계획 앞당긴 민희진 왜?
43,NewJeans (뉴진스) 'Attention' Official MV
44,NewJeans (뉴진스) 'OMG' Official MV
45,#playlist | 그냥 뉴진스가 좋아서요
46,[뮤뱅 원테이크 4K] 뉴진스(NewJeans) 'Attention' 4K Bonus Ver. @뮤직뱅크(Music Bank) 220805
47,뉴진스와 함께할 새로운 계절을 기다리며🌊 'Attention'부터 'OMG'까지 뉴진스 무대 몰아보기 | NewJeans Music Bank Stage Compilation
48,뉴진스 민지가 박명수 앞에서 울컥한 이유
49,뉴진스를 공개 응원한 아이돌
50,뉴진스 르세라핌 데뷔 당시 대우 비교해보자
51,뉴진스 멤버 어머니 고백 4가지 총정리
52,
53,
54,NewJeans (뉴진스) 'Right Now' Official MV Teaser
55,NewJeans (뉴진스) 'Attention' Official MV (Performance ver.)
56,[4K] NewJeans (뉴진스) Hype Boy (하입보이) 교차편집 (Stage Mix)
57,결국 뉴진스도 봐버린 짤들
58,뉴진스 조롱한 것 같다는 아일릿 영상 #shorts
59,아일릿이 말아주는 뉴진스 어텐션 attention
60,아일릿 멤버가 뉴진스 안티글을 보다가 실수했다고?
61,
62,
63,(SUB) 뉴진스(NewJeans) 세 번째 출연권 따낸(?) 애비진스ㅣ할명수 ep.183
64,[BE ORIGINAL] NewJeans(뉴진스) 'Attention' (4K)
65,𝑷𝒍𝒂𝒚𝒍𝒊𝒔𝒕 │ “꿈에서 깨워주지 마” ⋰˚☆ │ 몽환적인 뉴진스 플리 │ NewJeans
66,NEWJEANS (뉴진스) PLAYLIST ALL SONGS
67,뉴진스랑 뭐가 다르냐는 질문에 대답한 아일릿
68,뉴진스 (NewJeans) _ OMG | 1theKILLPO | 원더킬포 | 킬포인트 | 퍼포먼스 | Performance | 4K | 민지 하니 다니엘 해린 혜인
69,Hype boy - 뉴진스(NewJeans) [뮤직뱅크/Music Bank] | KBS 220819 방송
70,160억 뉴진스 VS 1500억 아일릿
71,'뉴진스'와 멕시코 걸그룹 '진스'
72,뉴진스 버블검 vs 샤카탁 Easier Said Than Done 표절 논란 왜?
73,NewJeans(뉴진스) - New Jeans @인기가요 inkigayo 20230716
74,NewJeans (뉴진스) 'Ditto' Official MV (side A)
75,뉴진스가 베꼈다는 멕시코 걸그룹 '진스'
76,버블검🧼처럼 청량하고💙 바라만 봐도 행복해지는 아기토끼들🐰 뉴진스(NewJeans) 무대모음 | #소장각 | KBS 방송
77,(SUB) 뉴진스~💕 예능에서 제일 나쁜 사람 만났으니까 이제 뭐든 할 수 있어요ㅣep.113
78,뉴진스 르세라핌 데뷔 당시 대우 비교해보자
79,뷔가 민희진에게 연락한 이유 #뉴진스
80,[뉴진스]또 당하는 다니엘ㅋㅋ
81,방시혁의 특이한 '안면인식' ㅋㅋ
82,"데뷔부터 3월까지 뉴진스 멤버 인기순위 From our debut until now, who is the member of NewJeans? (22.8~24.3)(브랜드평판#민희진"
83,뉴진스 경복궁 한복 쿨윗유 미쳤다 #Hanni #ハニ #NewJeans
84,
85,
86,"[리액션캠 4K] 뉴진스, ‘INTRO + ETA & Super Shy’ 축하공연 [제44회 청룡영화상 시상식] | KBS 231124 방송"
87,하이브 공주님? 르세라핌보다 '찐독기'였던 뉴진스!
88,반전이라는 민희진 평소 말투 뉴진스 앞에서는 딴사람
89,충격적이라는 뉴진스 부모님 메일 내용 요약
90,뉴진스 vs 진스 vs 아일릿. 누가 카피캣임?
91,이제보면 눈물나는 뉴진스 민지의 데뷔 전 소원 내용
92,아일릿이 말아주는 뉴진스 어텐션 attention
93,
94,
95,결국...이별할 것 같다는 뉴진스와 민희진‼️
96,"뉴진스, ‘Hype boy & Attention’ 축하공연 [제43회 청룡영화상 시상식] | KBS 221125 방송"
97,이제서야 이해된다는 과거 뉴진스 행동들 ㄷㄷㄷ 소름주의
98,재조명된 '르세라핌vs뉴진스 데뷔스케줄'
99,뉴진스 버블검 소름돋는 이유 #방시혁절대못함
100,불난 뉴진스 상황에 부채질할 뻔한 세븐틴 멤버 #shorts
101,뉴진스 민지가 박명수 앞에서 울컥한 이유
102,민희진이 숨겨놓은 소름돋는 영상들
103,뉴진스 조롱한 것 같다는 아일릿 영상 #shorts
104,뉴진스멤버들 오열중
105,난리난 뉴진스 OMG 뮤비 댓글창... 사실일까 음모론일까
106,현재 뉴진스 OMG 역주행하는 이유
107,[예고] 뉴진스(New Jeans) - Cool with you [코리아 온 스테이지 - 뉴제너레이션] | KBS 방송
108,하이브 단월드 사태 뉴진스 - OMG 재해석
109,하이브에서 이런 취급까지 당했다는 뉴진스;;
110,아일릿 데뷔날 뉴진스 혜인이 올린 사진의 의미 ㄷㄷ
111,충격적이라는 뉴진스 부모님 메일 내용 요약
112,뉴진스 vs 진스 vs 아일릿. 누가 카피캣임?
113,뉴진스 멤버들이 전부 영어 잘하는 이유ㄷㄷ
114,콩쥐의 돌변? 뉴진스 갑자기 이러네?ㅋㅋ
115,
116,
117,알고보면 소름돋는 뉴진스 데뷔 과정 ㄷㄷ
118,진심 한숨만 나온다는 뉴진스 신곡 뮤비;;
119,방시혁의 르세라핌 VS 민희진의 뉴진스 데뷔 당시 되돌아보기
120,이제 보니 소름돋는 뉴진스 ETA 가사 숨겨진 의미
121,뉴진스 다니엘 친언니 가수데뷔..! 목소리 닮았음ㄷㄷ
122,쏘스뮤직 연습생이었다는 뉴진스 멤버들? #shorts
123,[뉴진스] New Jeans + Super Shy +ETA + Cool with you + Get up 메들리 #shorts
124,
125,
126,민희진 광고업계 종사자가 올린 글
127,뉴진스 최애
128,"방시혁과 르세라핌, 그리고 뉴진스"
129,[#코리아온스테이지] 뉴진스 티저 | KBS 240521 방송
130,민희진 나가면 '뉴진스'는 어떻게 되냐고?
131,뉴진스 신곡 카피? 공개하자마자 저격당한 현재상황
132,뉴진스 하니 어머니가 민희진에게 준 '이것'
133,뉴진스 사이비 폭로 계정? 소름이라는 떡밥 ㄷㄷ
134,NewJeans 'Bubble Gum' Lyrics (뉴진스 Bubble Gum 가사) (Color Coded Lyrics)
135,[사건영상] 뉴진스-아일릿 비교 영상 얼마나 똑같길래? / 채널A
136,'뉴진스'와 멕시코 걸그룹 '진스'
137,민희진 기자회견에 대한 답변
138,결국 헤어지게 될 것 같다는 뉴진스와 민희진..ㄷㄷ
139,뉴진스 첫 미국공연 관객반응ㄷㄷ 라이브 논란??
140,NewJeans (뉴진스) 'Attention' Official MV (Performance ver.)
141,불난 뉴진스 상황에 부채질할 뻔한 세븐틴 멤버 #shorts
142,아일릿이 말아주는 뉴진스 어텐션 attention
143,방시혁이 뉴진스 '인사 안 받아준' 이유
144,[뉴진스] 극한직업 김민지
145,뉴진스 VS 아이브 영어실력 특징 ㄷㄷ
146,
147,
148,NewJeans 'Ditto' Lyrics (뉴진스 Ditto 가사) (Color Coded Lyrics)
149,뉴진스 신곡 저격한 '아일릿 디렉터'
150,뉴진스 사이비설.. 결국에 이것이었다..? 소름이라는 암호코드
151,방씨는 어떻게 이런 애들의 인사를 씹을 수 있을까
152,뉴진스 뮤직비디오를 예언한 무한도전 🧝🏻‍♀️
153,뉴진스 민희진 관계가 불안한 이유
154,아일릿 데뷔날 뉴진스 혜인이 올린 사진의 의미 ㄷㄷ
155,
156,
157,NewJeans (뉴진스) 'Hype Boy' Official MV (DANIELLE&HAERIN ver.)
158,뉴진스 새로운 멤버 발표😳!!!포닝
159,New Jeans
160,NewJeans 'New Jeans (ft. The Powerpuff Girls)' Lyrics (뉴진스 New Jeans 가사) (Color Coded Lyrics)
161,[예고] 뉴진스(New Jeans) - Cool with you [코리아 온 스테이지 - 뉴제너레이션] | KBS 방송
162,이제 보니 소름돋는 뉴진스 ETA 가사 숨겨진 의미
163,뉴진스가 보여준 소름이라는 식인종 루머..ㄷㄷ
164,뉴진스 다니엘 친언니 가수데뷔..! 목소리 닮았음ㄷㄷ
165,민희진이 꽂혔던 뉴진스 민지 '데뷔 전'
166,뉴진스를 공개 응원한 아이돌
167,'뉴진스 험담' 메시지까지 여과 없이…'폭로전' 된 경영권 갈등 / JTBC 뉴스룸
168,"데뷔부터 3월까지 뉴진스 멤버 인기순위 From our debut until now, who is the member of NewJeans? (22.8~24.3)(브랜드평판#민희진"
169,"뉴진스가 'Lucky Girl Syndrome'을 커버한다면? (원곡: 아일릿, AI 커버)"
170,황당함 주의;;; 하이브가 뉴진스 데뷔 전 예상했던 뉴진스 성적
171,현실 뉴진스 그대로 들어가 있는 버블검 뮤비 #newjeans #BubbleGum
172,민희진이 개 빡칠만한 뉴진스vs아일릿 표절의혹 TOP9
173,아일릿이 또? 뉴진스 안무가들이 화난 이유
174,아일릿 데뷔날 뉴진스 혜인이 올린 사진의 의미 ㄷㄷ
175,실제로 뉴진스 부모님도 항의했다는 아일릿 뉴진스 조롱 장면 ㄷㄷ
176,[뉴진스] 뉴진스 무한도전 밈 모음 #newjeans #hypeboy #omg #뉴진스 #무한도전 #밈#shorts #ditto
177,뉴진스 신곡 카피? 공개하자마자 저격당한 현재상황
178,
179,
180,"[뉴진스] 충격 뉴진스 위약금 ""6천억원 토해내야"" (""New Jeans"" must pay $500 million as penalty when leaving HYBE)"
181,베테랑 디올 언니들 사이 아기 같은 뉴진스 해린 #shorts
182,시술 의심 받았던 '뉴진스 혜인'
183,방시혁의 르세라핌 VS 민희진의 뉴진스 데뷔 당시 되돌아보기
184,뉴진스 별로 안 좋아하는 사람
185,아일릿 뉴진스 카피🧅까도 까도 또 나오네
186,'컨셉 유출?' 뉴진스 스타일리스트 협박한 하이브
187,
188,
189,르세라핌으로 알아보는 '개저씨들' 취향
190,저는 뉴진스 봤거든요? [미방분] #shorts
191,'뇌절vs이해간다' 뉴진스 부모님의 지적
192,[K-Choreo 8K HDR] 뉴진스 직캠 'New Jeans' (NewJeans Choreography) @MusicBank 230714
193,두 귀를 의심하게 하는 아일릿 1위 앵콜 라이브 #shorts
194,뉴진스 조롱한 것 같다는 아일릿 영상 #shorts
195,[NewJeans - Attention] Hot Debut Stage | #엠카운트다운 EP.764 | Mnet 220804 방송
196,뉴진스 민지 다니엘 공식석상에서 보인 이 표정..ㅠㅠ
197,Hype 'V'oy with #BTS #V 🧸#NewJeans #뉴진스 #NewJeans_HypeBoy#Time_to_NewJeans
198,"하이브에서 돌연 활동 종료했던 여자친구, 뉴진스는 어떻게 될까?"
199,NewJeans (뉴진스) 'Right Now' Official MV Teaser
200,NewJeans(뉴진스) - Cookie @인기가요 inkigayo 20220807
201,NewJeans Attention Lyrics (뉴진스 Attention 가사) (Color Coded Lyrics)
202,방시혁이 뉴진스 다니엘을 데뷔조에서 제외시키려고 했던 이유
203,NewJeans (뉴진스) 'OMG' Dance Practice
204,OMG - 뉴진스(NewJeans) [뮤직뱅크/Music Bank] | KBS 230127 방송
205,NewJeans (뉴진스) 'Hype Boy' Official MV (Performance ver.2)
206,안은진: 뉴진스하니가저를봤다니까요?
207,헐.. 뉴진스와 민희진! 드디어 함께 하이브 탈출?!
208,다니엘 생일 라이브에 하니 민지가 나타나자 생긴 일 #danielle #newjeans
209,황당함 주의;;; 하이브가 뉴진스 데뷔 전 예상했던 뉴진스 성적
210,
211,
212,"""꾹 참았는데"" 뉴진스 안무가도 등판…""이건 뭐 죄다 복붙"" #소셜픽 / JTBC 아침&"
213,뉴진스 버블검 vs 샤카탁 Easier Said Than Done 표절 논란 왜?
214,"뉴진스가 'Magnetic'을 커버한다면? (원곡: 아일릿, AI 커버)"
215,한국을 사랑하는 뉴진스
216,[뉴진스] 강고양이 소화력 미쳤다
217,뉴진스 별로 안 좋아하는 사람
218,[뉴진스] 해린이 데뷔 14일만에 걸그룹 올타임 레전드 찍은 장면 (업스케일링)
219,
220,
221,[릴레이댄스] NewJeans(뉴진스) - Hype Boy (4K)
222,"‘웃지 못하는’ 뉴진스 민지, 민희진 하이브 갈등 속 행사 소화 NewJeans MINJI [O! STAR 숏폼]"
223,실제로 뉴진스 부모님도 항의했다는 아일릿 뉴진스 조롱 장면 ㄷㄷ
224,"NewJeans 뉴진스 'Bubble Gum'(250 외 작곡) 표절아닌 유사성 비교, Shakatak - Easier Said Than Done"
225,NEWJEANS (뉴진스) PLAYLIST ALL SONGS
226,NewJeans (뉴진스) 2023 Billboard Music Awards (Super Shy+OMG)
227,NewJeans 'Cool With You' Lyrics (뉴진스 Cool With You 가사) (Color Coded Lyrics)
228,콩쥐의 돌변? 뉴진스 갑자기 이러네?ㅋㅋ
229,NewJeans(뉴진스) - Hype Boy @인기가요 inkigayo 20220821
230,뉴진스 Super Shy 뮤비에 이런게있었다고..?!?
231,"""맛있는 거 보내줄까""...뉴진스 MV 감독, 민희진과 나눈 대화 공개 [지금이뉴스] / YTN"
232,뉴진스 민지가 박명수 앞에서 울컥한 이유
233,NewJeans(뉴진스) - ETA @인기가요 inkigayo 20230723
234,"""르세라핌 있고 뉴진스 없다""…민희진 폭로 후 방시혁 인스타 재조명 / KNN"
235,뉴진스 사태로 아리아나 그란데가 하이브 탈주했던 이유 미국에서 재조명…
236,"뉴진스 멤버들, 법원에 탄원서 제출…내용은 공개 안 돼 / 연합뉴스TV (YonhapnewsTV)"
237,NewJeans (뉴진스) 'Hype Boy (하입보이)' 가사 (Color Coded Lyrics)
238,데뷔 초에 OMG 안무 스포한 뉴진스 #newjeans #omg
239,Hype 'V'oy with #BTS #V 🧸#NewJeans #뉴진스 #NewJeans_HypeBoy#Time_to_NewJeans
240,대퓨님도 보고 놀랄 뉴진스의 프로아이돌 모먼트🐰
241,뉴진스 멤버들 실물 #뉴진스 #shorts
242,
243,
244,NewJeans (뉴진스) 'Hype Boy' Official MV (MINJI ver.)
245,"[리액션캠 4K] 뉴진스, ‘INTRO + ETA & Super Shy’ 축하공연 [제44회 청룡영화상 시상식] | KBS 231124 방송"
246,충격 단독! 뉴진스 자료 공개합니다
247,뉴진스 부모님들이 방시혁에게 보낸 편지?
248,"내 맘이 끝이 없는 걸 I know, I know🦀 #NewJeans #뉴진스 #NewJeans_OMG #NewJeans_Ditto #Year_of_NewJeans"
249,OMG “그 파트“
250,"뉴진스 1위곡 vs 2위곡, 여러분의 선택은? #뉴진스 #newjeans #쇼츠 #shorts"
251,
252,
253,"방시혁의 뉴진스 홀대? ""모른 척하고 인사 외면""…""말도 안 되는 주장""｜지금 이 뉴스"
254,[뉴진스] 타격감 좋은 하니 놀리기는 못참지
255,혜인 시그니처 포즈를 따라한 아일릿 안무?
256,방시혁의 특이한 '안면인식' ㅋㅋ
257,알고 보니 각별한 사이라는 BTS 뷔와 민희진?
258,[Full Album] NewJeans (뉴진스) - Get Up
259,뉴진스 막내 혜인이 초6 시절
260,"뉴진스(NewJeans), 상큼하고 발랄한 무대 ＜Tell Me(원더걸스)♬＞ #SBS가요대전 #SBSenter"
261,뉴진스 멤버 어머니 A씨. 통화내용 공개
262,[4K] NewJeans (뉴진스) Attention (어텐션) 교차편집 (Stage Mix)
263,느슨해진 방송국에 뉴진스를 줘
264,NewJeans 'Super Shy' Lyrics (뉴진스 Super Shy 가사) (Color Coded Lyrics)
265,[뉴진스] 하찮게 웃는 하니도 귀여운
266,[제49회 한국방송대상 시상식] 축하공연 - 뉴진스 Attention [제 49회 한국방송대상] | KBS 220905 방송
267,뉴진스가 하이브에서 당했다는 취급은? ㅎㄷㄷ
268,"법원에 탄원서 낸 뉴진스 멤버들‥""민 대표 해임 안 돼"" (2024.05.18/뉴스데스크/MBC)"
269,하이브 떠난 민희진에게 벌어질 일들
270,'방시혁 유치해' 뉴진스 부모님의 충격 폭로
271,"내 맘이 끝이 없는 걸 I know, I know🦀 #NewJeans #뉴진스 #NewJeans_OMG #NewJeans_Ditto #Year_of_NewJeans"
272,OMG 1위 앵콜 라이브
273,뉴진스 방치 진짜인가
274,
275,
276,뉴진스 인사 무시? 소름이라는 이것;;
277,[단독샷캠4K] 뉴진스 'Ditto' 단독샷 별도녹화│NewJeans ONE TAKE STAGE @SBS Inkigayo 230115
278,[뉴진스] 해린이 데뷔 14일만에 걸그룹 올타임 레전드 찍은 장면 (업스케일링)
279,OMG “그 파트“
280,"뉴진스 1위곡 vs 2위곡, 여러분의 선택은? #뉴진스 #newjeans #쇼츠 #shorts"
281,이쯤에서 다시보는 뉴진스의 시작 Attention
282,"""하이브 사태에 뉴진스 언급 마!"" 민희진 입장 #heejin #hybe #newjeans"
283,
284,
285,[LIVE] 뉴진스님(NewJeansNim) - 극락왕생 | 두시탈출 컬투쇼
286,뉴진스 민지 사과 어떻게 생각하세요
287,NewJeans (뉴진스) 'Hype Boy' Dance Practice
288,또 뉴진스 생각난다는 '아일릿 후속곡' 컨셉
289,만약 뉴진스가 '3대 기획사' 소속이었다면...
290,'뉴진스는 못 끼는' 하이브 친목?
291,르세라핌 아직 정신 못차린듯
292,뉴진스 vs 아일릿 안무가 얼마나 똑같길래?? #shorts
293,[뉴진스] 모든 타이틀곡에서 후렴 센터를 맡은 멤버 #해린 #shorts
294,뉴진스 역대 발매곡 슈퍼리믹스 (Full Ver.)
295,민희진 뉴진스 카피 의혹 나왔다ㄷㄷ
296,"안면인식장애 때문에 외면?…""뉴진스에 긴 휴가 주겠대요"" / SBS / 스브스픽"
297,"""저..뉴진스의 엄청난 팬"" 무라카미 다카시와 콜라보, 티저 공개 #소셜픽 / JTBC 아침&"
298,(민)희진이가 엄청 혼났던 그날?…뉴진스 'ETA'에 숨겨진 의미 feat. 빈지노
299,뉴진스 코카콜라 새로운 CF #Hanni #ハニ #NewJeans
300,NewJeans (뉴진스) 'Hype Boy' Official MV (HYEIN ver.)
301,NewJeans(뉴진스) - OMG @인기가요 inkigayo 20230115
302,Super Shy - NewJeans 뉴진스 [Music Bank] | #SuperShy #NewJeans
303,Oh my oh my God 예상했어 나🫢 #NewJeans #뉴진스#NewJeans_OMG #NewJeans_Ditto#Year_of_NewJeans
304,ETA - NewJeans #ETA #NewJeans #뉴진스 | KBS WORLD TV
305,뉴진스 인사도 안받아주는 방시혁 의장님
306,
307,
308,NewJeans(뉴진스) - OMG @인기가요 inkigayo 20230129
309,[ENG] 뉴진스 초대석
310,[릴레이댄스] NewJeans(뉴진스) - Attention (4K)
311,[뉴진스] 나는 완숙이야! 할명수 예고편! 🍳
312,뉴진스 팬 우려 속 '문건 공방' #Shorts (MBC뉴스)
313,뉴진스 새로운 멤버 발표😳!!!포닝
314,뉴진스 까계정 팔로우한 아일릿멤버?
315,
316,
317,[뉴진스] 김민지 동생들에게 기빨리다
318,NewJeans (뉴진스) - Bubble Gum [Audio]
319,뮤비감독 작업실가서 연습하는ㅋㅋ #뉴진스 #tellme
320,[NewJeans - Cookie] Hot Debut Stage | #엠카운트다운 EP.764 | Mnet 220804 방송
321,파워퍼프걸로 변신한 뉴진스 🎀 𝙉𝙚𝙬𝙅𝙚𝙖𝙣𝙨 - 𝙉𝙚𝙬 𝙅𝙚𝙖𝙣𝙨 [한글 가사/해석]
322,NewJeans (뉴진스) 'Hype Boy' Special Performance Video
323,르세라핌 뉴진스 이 만남 기쁘다
324,대퓨님 인스타에 올라온 뉴진스 #Hanni #ハニ #NewJeans
325,뉴진스 리허설 라이브 발성 무엇
326,다니엘 생일 라이브에 하니 민지가 나타나자 생긴 일 #danielle #newjeans
327,Attention - 뉴진스(NewJeans) [뮤직뱅크/Music Bank] | KBS 220805 방송
328,"미 시상식 진행자 뉴진스 때문에 당황, 진행 중단 (feat. 빌보드 위민 인 뮤직), 장난 아니네"
329,또 뉴진스 ‘안무 훔친' 아일릿..
330,[NewJeans - Hype Boy] Hot Debut Stage | #엠카운트다운 EP.764 | Mnet 220804 방송
331,GODS (ft. 뉴진스) (공식 뮤직 비디오) | 2023 월드 챔피언십 주제곡 - 리그 오브 레전드
332,[4K] NewJeans (뉴진스) - Celebrity | IU’s Palette (아이유의 팔레트)
333,'마름모 하트'까지 뺏겨버린 뉴진스
334,경복궁 근정전 밝힌 뉴진스…“한국의 미 뽐냈다!” [9시 뉴스] / KBS 2024.05.16.
335,"뉴진스 멤버 부모, '전속계약 분쟁' 전문 변호사 선임 / 연합뉴스TV (YonhapnewsTV)"
336,"2023년은 토끼해라던데!?🐰 Attention부터 Hype boy, Hurt까지 뉴진스 모든 무대 몰아보기 | NewJeans Stage Compilation"
337,New Jeans Full Album Playlist
338,뉴진스 뽀삐뽀 모음.zip 📁
339,뉴진스 (NewJeans) - Intro + Attention + Hype boy [2022 KBS 가요대축제] | KBS 221216 방송
340,[앵콜캠4K] 뉴진스 'Attention' 인기가요 1위 앵콜 직캠 (NewJeans Encore Fancam)│@SBS Inkigayo 220828
341,[단독샷캠4K] 뉴진스 'ASAP' 단독샷 별도녹화│NewJeans ONE TAKE STAGE│@SBS Inkigayo 230827
342,대퓨님도 보고 놀랄 뉴진스의 프로아이돌 모먼트🐰
343,NewJeans (뉴진스) 'Attention' Dance Practice (ver.3)
344,NewJeans (뉴진스) – Hype Boy Lyrics (Color Coded Han/Rom/Eng)
345,NewJeans (뉴진스) 'Cookie' Official MV
346,NewJeans (뉴진스) 'Cookie' Lyrics (Color Coded Lyrics)
347,아일릿 뉴진스 카피🧅까도 까도 또 나오네
348,[4K] NewJeans(뉴진스) “Hurt” Band LIVE Concert 최초로 공개하는 뉴진스의 Hurt FULL ver.💗 [it’s KPOP LIVE 잇츠라이브]
349,뉴진스 해린님과 함께한 ANTIFRAGILE! 💪🐱 #LE_SSERAFIM #르세라핌 #홍은채 #NewJeans #뉴진스 #해린 #ANTIFRAGILE #shorts
350,NewJeans (뉴진스) 'Hype Boy' Official MV (HANNI ver.)
351,[안방1열 풀캠4K] 뉴진스 'OMG' (NewJeans FullCam)│@SBS Inkigayo 230115
352,[뉴진스] 킴민지!!!! 모음
353,Ditto - 뉴진스(NewJeans) [뮤직뱅크/Music Bank] | KBS 230120 방송
354,[뉴진스] 시무륵한 하니ㅠㅠㅠ
355,"New Jeans (뉴진스) - ""Hype Boy"" AKARAKA (아카라카) [Close Up]"
356,[지금뉴스] 뉴진스 컴백 코앞 본격 활동 시동…‘경복궁 공연’에 ‘1박2일’까지 / KBS 2024.05.14.
357,뉴진스 보고 표정관리 안되는 배우들 ㅋㅋㅋ
358,Baby we're GODS 🤍 #NewJeans #뉴진스 #NewJeans_GODS #Time_to_NewJeans
359,[뉴진스] 갓 일어난 얼굴 실화냐
360,아일릿이 말아주는 '뉴진스 - 어텐션' ㅋㅋ
361,[단독샷캠4K] 뉴진스 'OMG' 단독샷 별도녹화│NewJeans ONE TAKE STAGE @SBS Inkigayo 230115
362,[제38회 골든디스크] NewJeans (뉴진스) - 'Cool With You + Ditto' ♪｜JTBC 240106 방송
363,뉴진스_어텐션_댓글모음
364,NewJeans (뉴진스) 'Hype Boy' Stage Cam @ HONGIK UNIVERSITY
365,OMG 뮤비 충격씬 #뉴진스 #대박
366,금쪽민지의 마지막 헬륨!!! #Hanni #ハニ #NewJeans
367,드디어 만난 뉴진스 르세라핌
368,[뉴진스] 짚라이너 강해린 강해 🩷
369,"방시혁의 아일릿, 민희진의 뉴진스…한 식구끼리 싸우는 이유, 깔끔하게 정리해드립니다 / SBS / 김태현의 정치쇼"
370,Hype boy - 뉴진스(NewJeans) [뮤직뱅크/Music Bank] | KBS 220812 방송
371,'컨셉 유출?' 뉴진스 스타일리스트 협박한 하이브
372,민희진의 '뉴진스 멤버 비하' 사실일까?
373,[4K] NewJeans(뉴진스) “Ditto” Band LIVE Concert Ditto HOLIDAY BAND LIVE🎄 [it’s KPOP LIVE 잇츠라이브]
374,이것까지 따라했다고?!ㄷㄷ 참다참다 폭발한 뉴진스 안무가 인스타 저격글
375,[K-Choreo 8K HDR] 뉴진스 직캠 'Ditto' (NewJeans Choreography) l @MusicBank 230120
376,[뉴진스] 다니엘의 극락말투.. 무해하다 무해해
377,[뮤뱅 원테이크 4K] 뉴진스(NewJeans) 'New Jeans' 4K Bonus Ver. @뮤직뱅크(Music Bank) 230714
378,뉴진스 부모님들이 나선 이유.. 소름돋는 증거 왜?
379,NewJeans (뉴진스) 'Hype Boy' (교차편집 Stage Mix)
380,NewJeans(뉴진스) - ETA @인기가요 inkigayo 20230730
381,[Jeans’ ZINE] NewJeans Bakery EP.1
382,알고보면 소름돋는 뉴진스 경복궁 무대의 비밀
383,NewJeans (뉴진스) - Hype Boy 「Official Audio」
384,댄브 레전드 다시 쓴 해린이 #뉴진스 #newjeans #해린
385,민희진의 뉴진스 뒷담화? 충격적인 대화 공개..
386,[SUB] [뮤비해석] 뭐야 왜 이렇게 무서와요... | 뉴진스 ‘Ditto’ MV Explained
387,뉴진스는 어떻게 '애플' 광고를 했을까?
388,이재용·방시혁·쿠팡의 공통점은?‥'하이브'도 대기업 집단 (2024.05.15/뉴스데스크/MBC)
389,뉴진스 입장 공개! 부모님 변호사 총출동
390,08년생 혜인이에게 어텐션
391,[뉴스모아] 진흙탕 싸움에도 뉴진스 '굳건'…하이브 '사이비 종교' 논란까지 / YTN
392,[뉴진스] 모지혜 찐광기 시절 #뉴진스 #newjeans #다니엘
393,NewJeans (뉴진스) 'Hurt' Official MV
394,NewJeans Hurt Lyrics (뉴진스 Hurt 가사) (Color Coded Lyrics)
395,[뉴진스] 세상 무해한 뉴진스 관계성.zip 📁
396,"""방시혁, 뉴진스 인사도 안 받아""…하이브 ""부모까지 방패 삼는 민희진"" / SBS / 스브스픽"
397,이제보면 ㅈㄴ의미심장하다는 르세라핌 뉴진스 첫만남 장면 ㄷㄷ
398,뉴진스 1년6개월 휴가설에 난리난 전세계 해외팬들 반응
399,[전체공개]뉴진스님 '부처핸섬'에 야단법석 중생들!.. 나 몰래 또 재밌는거 하는 서울국제불교박람회 직관하고 옴
400,뉴진스 멤버 어머니 A씨. 통화내용 공개
401,"'뉴진스' 4세대 걸그룹 끝판왕, 당신이 몰랐던 재밌는 사실들 (통합 ver.)"
402,[단독샷캠4K] 뉴진스 'OMG' 단독샷 별도녹화│NewJeans ONE TAKE STAGE @SBS Inkigayo 230129
403,[단독샷캠4K] 뉴진스 'Attention' 단독샷 별도녹화│NewJeans ONE TAKE STAGE @SBS Inkigayo 220807
404,NewJeans (뉴진스) 'Hurt (250 Remix)' Special Video
405,NewJeans (뉴진스) 2022 MMA Dance Practice (Cookie+Hype Boy+Attention)
406,분쟁에도 중단 없다…뉴진스 예정대로 컴백 프로모션 / SBS / 스브스픽
407,ASAP - 뉴진스(NewJeans) [뮤직뱅크/Music Bank] | KBS 230825 방송
408,조계종으로부터 공식으로 디제잉 임명받은 뉴진스님
409,민희진이 뉴진스 해린의 디올 앰버서더 계약을 파토낸 이유
410,ETA - 뉴진스(NewJeans) [뮤직뱅크/Music Bank] | KBS 230804 방송
411,[안방1열 풀캠4K] 뉴진스 'Ditto' (NewJeans FullCam)│@SBS Inkigayo 230115
412,"뉴진스, ‘INTRO + ETA & Super Shy’ 축하공연 [제44회 청룡영화상 시상식] | KBS 231124 방송"
413,"""방시혁, 멤버 인사 무시했다""...뉴진스 부모가 보냈다는 메일 보니 [지금이뉴스] / YTN"
414,버니즈랑 Cool~🌊 했던 여름✨ 뉴진스가 보여준 다양한 컨셉의 무대를 모은 2nd EP 무대 몰아보기 | NewJeans 2nd EP Stage Compilation
415,속사정 밝혀짐
416,방시혁이 보고도 무시했다는 뉴진스 인사하는 장면 모음
417,NewJeans(뉴진스) 'Hurt' Special Video
418,뉴진스 버블검 샘플링 & 표절 완벽 비교
419,"뉴진스 부모들 의견서 공개돼…하이브 측 ""사실 아냐"" / SBS / 굿모닝연예"
420,뉴진스 데뷔무대 최신댓글
421,민희진 후폭풍에도…속내 밝힌 ‘뉴진스 민지’ | 강력한 4팀
422,와.... 괜히 뉴진스 프로듀서로 영입된 게 아니네
423,[입덕직캠] 뉴진스 하니 직캠 4K 'Hype Boy' (NewJeans HANNI FanCam) | @MCOUNTDOWN_2022.8.4
424,"뉴진스, 부모 건의안 공개…멤버들은 ‘1박2일’ 출연 [잇슈 연예] / KBS 2024.05.14."
425,[뉴진스] 극한직업 김민지
426,[뉴진스] 두번은 당하지 않는 하니
427,"NEW JEANS 뉴진스, 코리아 온 스테이지(Korea On Stage) 한복 버전 'Cool With You' Teaser 4K 공개"
428,[MMA2023] NewJeans - FULL Performance | #NewJeans #SuperShy #ETA #CoolWithYou #GetUp #ASAP #MMA2023
429,뉴진스가 하이브에서 당했다는 취급은? ㅎㄷㄷ
430,"뉴진스[NewJeans], 하이브가 찾아낸 뉴진스 멤버들의 캐스팅 일화(ENG, ESP, INDO)"
431,아일릿 vs 뉴진스 소름돋는 이 안무? ㄷㄷ
432,뉴진스 르세라핌까지 따라했다고 말 나오는 하이브 신인걸그룹 “아일릿”
433,뉴진스 부모님들이 나선 이유.. 소름돋는 증거 왜?
434,[단독샷캠4K] 뉴진스 'Cool With You' 단독샷 별도녹화│NewJeans ONE TAKE STAGE @SBS Inkigayo 230723
435,[FULL] 🤟극락도 ROCK이다🤟 세상에서 가장 힙한 뉴진스님 보는 라디오 | 두시탈출 컬투쇼 | 240515
436,[뮤뱅 원테이크 4K] 뉴진스(NewJeans) 'Ditto' 4K Bonus Ver. @뮤직뱅크(Music Bank) 230120
437,NewJeans (뉴진스) 'Zero' Performance Video
438,방시혁이 무시한(?) 뉴진스 인사
439,하입보이는 같이 춰야 제맛
440,[4K] NewJeans(뉴진스) “Attention” Band LIVE Concert 뉴진스의 청량 하이틴 밴드라이브💫 [it’s KPOP LIVE 잇츠라이브]
441,[뉴진스/하니] 팜하니 한국어&영어 갭차이🐣
442,"민희진이 숨겨놓은 또 다른 계정, 반지연?"
443,NewJeans (뉴진스) 'ASAP' Teaser
444,[뉴진스 해린] 강해린 남돌 춤 모음
445,뉴진스 리그 오브 레전드 GODS 리허설 비하인드
446,OMG 1위 앵콜 라이브
447,[르세라핌] 뉴진스와 같이 연습했던 르세라핌 멤버
448,[앵콜캠4K] 뉴진스 'OMG' 인기가요 1위 앵콜 직캠 (NewJeans Encore Fancam)│@SBS Inkigayo 230115
449,뉴진스 민지 뒤를 잇는 어도어 보이그룹 오디션 영상 #shorts
450,"뉴진스님 따라 ""부처 핸섬!""…콘서트장 된 연등행사 후끈 / SBS 8뉴스"
451,이쯤에서 다시보는 뉴진스의 시작 Attention
452,SM의 살아있는 전설 민희진(이 참여한) 작품 모음 3탄 #shorts
453,[뉴진스] 피식하면 끝난 겨 EP.2
454,NewJeans (뉴진스) 'OMG' Official MV (Performance ver.3)
455,진흙탕 싸움에 뉴진스 부모도 참전 | 뉴스TOP 10
456,Super Shy - 뉴진스(NewJeans) [뮤직뱅크/Music Bank] | KBS 230714 방송
457,[앵콜캠4K] 뉴진스 'Ditto' 인기가요 1위 앵콜 직캠 (NewJeans Encore Fancam) | @SBS Inkigayo 230129
458,뉴진스ㅣ요즘 아이돌과 달라보이는 이유
459,뉴진스 멤버들 탄원서에 ‘제2의 피프티피프티 사태’? [잇슈 컬쳐] / KBS 2024.05.20.
460,"힙합,뉴잭스윙 믿고보는 뉴진스 댄브 #newjeans"
461,"아일릿, 도넘은 뉴진스 베끼기"
462,[4K] NewJeans(뉴진스) - 'OMG' | Performance Clip #Multiview #NewJeans
463,민지는 못말려🫥뉴진스 포닝
464,"'1년 11개월 만에 도쿄돔 입성' 뉴진스, 이 와중에 놀라운 기록 [지금이뉴스] / YTN"
465,NewJeans (뉴진스) 'Tell me (FRNK Remix)'
466,"뉴진스, '영국박물관' 한국어 오디오 가이드 재능기부 / SBS / 굿모닝연예"
467,NewJeans (뉴진스) 'Cookie' Dance Practice
468,뉴진스 해린 ETA 실물 춤선 느낌
469,뉴진스 도쿄돔 팬미팅은 매진인데...소속사 하이브-민희진 폭로전은 소나기｜지금 이 장면
470,해린이의 재채기 타임ㅋㅋ
471,[K-Choreo 8K HDR] 뉴진스 직캠 'Attention' (NewJeans Choreography) l @MusicBank 220805
472,What did IU give them at her concert? 😂 #newjean #뉴진스 #kpop
473,뉴진스 인사를 씹었다? 민희진 소름돋는 탈 하이브 계획
474,[MPD직캠] 뉴진스 직캠 8K 'Attention' (NewJeans FanCam) | @MCOUNTDOWN_2022.8.11
475,뉴진스 OMG 씹덕 풀버전
476,[뉴진스] 그루브 넘치는 풋워크
477,뉴진스 까계정 팔로우한 아일릿멤버?
478,'뉴진스님'에 화난 이 나라? 국회의원이 ＂입국 막아 달라＂ | 이슈픽 zip
479,[단독샷캠4K] 뉴진스 'Hype Boy' 단독샷 별도녹화│NewJeans ONE TAKE STAGE @SBS Inkigayo 220821
480,뉴진스 버블검 표절 논란의 진짜 이유..ㄷㄷ
481,"[문화연예 플러스] ""뉴진스 홀대"" 주장‥하이브 ""사실 아니야"" (2024.05.14 /뉴스투데이/MBC)"
482,[#유퀴즈] 뉴진스의 독보적인 감성 제대로 살린 신우석 감독🎬 스킵 못하는 광고를 만드는 〈돌고래유괴단〉의 스토리텔링
483,[#유퀴즈온더블럭] 모두 Attention🎵 데뷔 2개월 만에 정산받은 갓기 뉴진스 & 아이돌 콘셉트 장인 민희진 대표💕 | #나중에또볼동영상
484,[4K MIRRORED] NewJeans(뉴진스) - 'OMG' (오엠지) 안무 거울모드(Dance Practice Mirrored)
485,NewJeans 뉴진스 - Hype Boy (Citypop ver.) 시티팝 버전
486,NewJeans(뉴진스) - Cool With You @인기가요 inkigayo 20230813
487,NewJeans (뉴진스) 'OMG' Official MV (Performance ver.2)
488,은근 많다는 뉴진스 민지 닮은꼴 모음
489,하이브가 예상한 뉴진스 성적
490,(ENG)라따따따 내 심장을 울린~ ★뉴진스★의 A to Z🥰 #highlight #highlight#유퀴즈온더블럭 | YOU QUIZ ON THE BLOCK EP.172
491,[MPD직캠] 뉴진스 직캠 8K 'Cookie' (NewJeans FanCam) | @MCOUNTDOWN_2022.8.4
492,"[ENG,JPN] 뉴진스 NEW JEANS, '코리아 온 스테이지(Korea on Stage)' 걸그룹 첫 경복궁 무대 참여 소감 인터뷰"
493,민희진 카톡 공개 ㄷㄷ 뉴진스 뒷담화 사실일까? #민희진 #뉴진스 #하이브
494,치킨댄스 챌린지 팜하니
495,방시혁이 뉴진스에 추가영입 하겠다는 하이브 연습생의 놀라운 정체
496,"'BTS·뉴진스' 하이브, 엔터사 최초 대기업집단 지정 / 연합뉴스TV (YonhapnewsTV)"
497,Hanni had enough 😂 #newjeans #뉴진스 #kpop
498,뉴진스 텔미 #newjeans#tell me
499,[K-Choreo 8K] 뉴진스 직캠 'Hype Boy' (NewJeans Choreography) l @MusicBank 220812
500,[리무진 서비스 클립] 와르르 ♥ | 뉴진스 하니 | NewJeans HANNI
501,[2022 MAMA] NewJeans - Cookie+Attention+Hurt+Hype boy (MAMA ver.) | Mnet 221130 방송
502,NewJeans(뉴진스) - Ditto 교차편집(stage mix)
503,💚 Haerin 해린 😺 BIRTHDAY | 240515 | 🔴 Phoning LIVE | NewJeans 뉴진스
504,NewJeans (뉴진스) - 'Attention' (Funk Remix) (Prod. MINDA)
505,NewJeans (뉴진스) - 'Cookie' (Highschool Band Remix) (Prod. MINDA)
506,10년차 작곡가가 뉴진스 'Ditto' 듣고 놀란이유??
507,[뉴진스] 다니엘 감당하기
508,[풀버전] NewJeans (뉴진스) '다시 만난 세계(Into The New World)' - 하니 X 다니엘 (원곡:소녀시대) | Newjeans HANNI X DANIELLE
509,NewJeans (뉴진스) 'Zero' Official MV
510,Kitty Kang's never ending sneezing 😂 #newjeans #뉴진스 #kpop
511,[K-Choreo 8K] 뉴진스 직캠 'Super Shy' (NewJeans Choreography) @MusicBank 230714
512,뉴진스 목소리로 영국박물관 전시품 해설…달항아리·로마황제상 / 연합뉴스 (Yonhapnews)
513,[뉴진스] 강떤여자 막내에게 존댓말 모음
514,뉴진스맘이라는 민희진의 충격 카톡
515,NewJeans (뉴진스) 'Ditto' (교차편집 Stage Mix)
516,강해린 혼자 이상한 거 먹는다
517,뉴진스 해체 위기 빠지나...탄원서 제출에 '피프티피프티 사태' 교훈 잊었나 비판 나온 이유...법원 판결에 방시혁 민희진 운명 갈리나...전홍준에 안성일+삼푼이 '폭망' #뉴진스
518,[ENG] 뉴진스 하니가 고른 하루 중 제일 행복한 순간은? ㅣ하니ㅣ뉴진스ㅣ줌터뷰
519,뉴진스 깐머 VS 덮머 #shorts
520,파워퍼프걸이 된 뉴진스 #shorts
521,221129 뉴진스 하니 NewJeans HANNI WA DA DA MAMA 직캠
522,[뉴진스] 그 어려운 걸 해낸 파리 소녀들
523,NewJeans (뉴진스) 'Hype Boy' Official MV (Intro)
524,[뉴진스 하니] BTS 슈가도 참지 못하는 그녀의 귀여움
525,Super Shy - 뉴진스(NewJeans) [뮤직뱅크/Music Bank] | KBS 230721 방송
526,[얼빡직캠 4K] 뉴진스 해린 'Attention' (NewJeans HAERIN Facecam) @뮤직뱅크(Music Bank) 220805
527,[에디터픽] '뉴진스' 두고 경영권 분쟁? 하루만에 7천억 증발한 하이브 / YTN
528,"KBS '2024 코리아 온 스테이지' 경복궁 근정전, 뉴진스 무대 메이킹 영상 l KBS 2024 Korea On Stage, NewJeans stage MAKING FILM"
529,[Mirrored] 뉴진스(NewJeans)-Hype boy(하입보이) 안무영상 안무 거울모드(Dance Practice Mirrored)
530,민희진 뉴진스 카피 의혹 나왔다ㄷㄷ
531,"뉴진스 혜인, 결국 컴백 활동 불참한다"
532,[MPD직캠] 뉴진스 직캠 8K 'Hype Boy' (NewJeans FanCam) | @MCOUNTDOWN_2022.8.4
533,"뉴진스 멤버들, 법원에 탄원서 제출…내용은 공개 안 돼 / 연합뉴스TV (YonhapnewsTV)"
534,[MPD직캠] 뉴진스 해린 직캠 4K 'Cookie' (NewJeans HAERIN FanCam) | @MCOUNTDOWN_2022.8.4
535,[페이스캠4K] 뉴진스 민지 'OMG' (NewJeans MINJI FaceCam) @SBS Inkigayo 230115
536,나이키 직원이 된 뉴진스 민지😳?!
537,[K-Fancam] 뉴진스 해린 직캠 'New Jeans' (NewJeans HAERIN Fancam) @뮤직뱅크(Music Bank) 230714
538,[뉴진스] 불호 없는 케미 다니x해린 모음
539,𝑷𝒍𝒂𝒚𝒍𝒊𝒔𝒕 │ “꿈에서 깨워주지 마” ⋰˚☆ │ 몽환적인 뉴진스 플리 │ NewJeans
540,NewJeans(뉴진스) - Hype boy 교차편집(stage mix)
541,뉴진스 디토 Ditto 댄스 프랙티스 전문가 해외반응 리액션 한글자막 NEWJEANS DITTO DANCE PRACTICE REACTION ENG SUB react
542,"220921 NewJeans (뉴진스) Full Ver. ""Attention, Cookie, Hurt, Hype Boy"" 직캠(Fancam) [4K 60p] @단국대학교 축제"
543,[페이스캠4K] 뉴진스 하니 'OMG' (NewJeans HANNI FaceCam) @SBS Inkigayo 230115
544,꾸준히 실력논란 되고 있는 아일릿 원희 #shorts
545,NewJeans (뉴진스) 'Ditto' Performance Video (HAERIN ver.)
546,"[#유퀴즈온더블럭] ""고통을 이겨냈더니 극!락!왕!생!"" 전 세계 불교계의 러브콜 받으며 제2의 전성기 맞이한 뉴진스님✨"
547,"말레이 불교계·정치권, 뉴진스님 공연에 ‘발끈’ | 뉴스A 라이브"
548,민희진 뉴진스 비하 진짜일까? 개뚱뚱 개초딩
549,230611 위버스콘 뉴진스 하니 'Attention' (Newjeans Hanni Fancam) 직캠 4K 60P
550,NewJeans (뉴진스) 'Ditto' Dance Clip
551,ETA - 뉴진스(NewJeans) [2023 새만금 세계스카우트잼버리 케이팝 슈퍼라이브] | KBS 230811 방송
552,[단독샷캠4K] 뉴진스 'Cookie' 단독샷 별도녹화│NewJeans ONE TAKE STAGE @SBS Inkigayo 220807
553,"니니모송🐱 | 뉴진스X핑크퐁X아기상어 | 니니모는 핑크퐁, 뉴진스가 가는 곳 어디든 따라갈테야🐈 | 핑크퐁 Dance Alive"
554,킴민지가 키우는 강해린
555,무대 아래에서 인성 드러난 아이돌 ㄷㄷ #shorts #bts #뉴진스 #스테이씨 #스트레이키즈
556,"[리무진서비스] EP.46 뉴진스 하니 | NewJeans HANNI | OMG, Just A Feeling, 와르르 ♥, Lucky"
557,[뉴진스] 민지 T의 단호함에 당황하는 하니
558,250(이오공)이 프로듀싱했다는 MMA 2022 뉴진스 Hype Boy 댄스브레이크 파트🎹
559,연예인들도 팬 된다는 뉴진스 인기 수준 ㄷㄷ #shorts
560,"뉴진스 민지, 당신이 몰랐던 14가지 사실 ""여학생들이 화장을 고치기 시작.."" [ENG][JPN]"
561,[뮤뱅 캠코더📹] 뉴진스(NewJeans) 'Ditto' BanHeesoo Ver. @뮤직뱅크(Music Bank) 230120
562,뉴진스가 베꼈다는 멕시코 걸그룹 '진스'
563,'160억vs1500억' 뉴진스와 아일릿 데뷔 차별
564,뉴진스 뮤직비디오를 예언한 무한도전 🧝🏻‍♀️
565,침착맨 OMG 등장씬 뉴진스 반응 (침착맨 부럽다)
566,[선공개] 라이브도 잘하는 갓기들의 'Hype Boy' 무반주 한소절🎤 | 뉴진스(NewJeans) | 두시탈출 컬투쇼
567,[2022 가요대전 페이스캠4K] 뉴진스 해린 'Tell Me (원더걸스)' (NewJeans HAERIN Facecam)│@SBS Gayo Daejeon 221224
568,[NewJeans - Hype Boy] #엠카운트다운 EP.767 | Mnet 220825 방송
569,NewJeans (뉴진스) 'OMG' Dance Practice (Fix ver.)
570,[뉴진스] 갑자기 강아지 등장
571,뉴진스 혜인 녹음실 음색
572,Calling Newjeans' members by their name *SO CUTE* 🥰 #newjeans #뉴진스 #kpop
573,2023년 01월 02일 2부 | [ENG] 뉴진스 초대석 (with 주우재)
574,뒤늦게 터진 뉴진스 표절 의혹.. ㄷㄷ (feat.아일릿)
575,뉴진스 ( Newjeans ) - Hype boy. cover #한림예고
576,NewJeans(뉴진스) - Hurt @인기가요 inkigayo 20220828
577,"뉴진스 멤버들, 법원에 탄원서 제출…내용은 공개 안 돼 / 연합뉴스TV (YonhapnewsTV)"
578,NewJeans 뉴진스 'Bad Cookie'
579,"[맥도날드x뉴진스] 색다른 차원의 빠삭함, 맥크리스피(Full ver.)"
580,뉴진스 먹방 모음
581,[뉴진스 해린] 갭차이 실화ㅋㅋㅋ
582,"NEW JEANS 뉴진스, 근정전 티저 촬영 메이킹 현장 공개"
583,일본방송 뉴진스 attention + 인터뷰
584,[뉴진스] 민지 “그” 표정 모음
585,[4K Mirrored] NewJeans(뉴진스) - 'Ditto' (디토) 안무 거울모드(Dance Practice Mirrored)
586,아일릿 또또또 표절..ㅠㅠ
587,"뉴진스에 '눈물 버튼' 회사엔 1초 만에 '폭발'한 민희진…하이브 ""답변할 가치 없다"" 입장에 다시 나와 한 말 (현장영상) / SBS"
588,아이돌 작명할 명수 - 뉴진스 #할명수 #할명수 #NewJeans #shorts
589,[뉴진스] 5각 관계 모음
590,뉴진스 경복궁 근정전 스페셜 무대 공개 / KBS 2024.05.16.
591,"""하이브, 뉴진스 차별 대우"" vs ""민희진, 뉴진스 가스라이팅…돈에 관심""｜지금 이 뉴스"
592,"[이슈] 뉴진스, 경복궁 퍼포먼스 영상 공개/NewJeans ""Special Performance"" Official Teaser Released/2024년 5월16일(목)/KBS"
593,[2022 가요대전 4K] 뉴진스 'Intro + Tell Me(원더걸스)' (NewJeans FullCam)│@SBS Gayo Daejeon 221224
594,[뉴진스] 뉴진스 무한도전 밈 모음 #newjeans #hypeboy #omg #뉴진스 #무한도전 #밈#shorts #ditto
595,[MPD직캠] 뉴진스 하니 직캠 4K 'Attention' (NewJeans HANNI FanCam) | @MCOUNTDOWN_2022.8.11
596,[얼빡직캠 4K] 뉴진스 민지 'Hype Boy' (NewJeans MINJI Facecam) @뮤직뱅크(Music Bank) 220812
597,𝐏𝐥𝐚𝐲𝐥𝐢𝐬𝐭 드라이브 때 들으려고 만든 뉴진스 시티팝 노래 모음 | Full Album
598,[ENG/JP] 뉴진스 체육교실 (OMG 퀸민지 상위 4% 도전)⚡아이돌 출발 드림팀⚡ [EP.5-2] | Idol's Physical Race | NewJeans | Ditto
599,뉴진스 해린 실물 현장 후기((NewJeans HAERIN)
600,[#shorts ] 아니 이렇게 이미지가 달라질 수 있나 [뉴진스/하니]
601,'디제이' NO! '록스타' OK?…뉴진스님 차별 논란｜지금 이 장면
602,[Full Album] NewJeans (뉴진스) – New Jeans
603,뉴진스가 말아주는 여름 디토 ──★˙ ̟ #NewJeans - ‘Bubble Gum’ 🫧🔆
604,뉴진스 하니 얼굴 분석 중 깨달은 것! #shorts
605,NewJeans (뉴진스) 'Attention' 교차편집 (Stage Mix) [4K]
606,뉴진스 VS 아이브 영어실력 특징 ㄷㄷ
607,[뉴진스] 2개월 만에 정산 받고 산 것 #유퀴즈
608,[얼빡직캠 4K] 뉴진스 하니 'Ditto'(NewJeans HANNI Facecam) @뮤직뱅크(Music Bank) 230120
609,"법정 간 민희진 논란...""뉴진스 보호"" VS ""돈벌이 수단"" / YTN"
610,"[자막뉴스] 뉴진스, 공식 컴백 앞두고 근정전 특별 무대…풀버전은? / KBS 2024.05.18."
611,[뉴진스] 드디어 풀린 다만세 고음파트
612,[K-Fancam] 뉴진스 해린 직캠 'Attention' (NewJeans HAERIN Fancam) l @MusicBank 220805
613,NewJeans (뉴진스) 'OMG' Dance Clip
614,[페이스캠4K] 뉴진스 하니 'Ditto' (NewJeans HANNI FaceCam) @SBS Inkigayo 230115
615,경복궁 근정전 밝힌 뉴진스…“한국의 미 뽐냈다!” / KBS 2024.05.16.
616,NewJeans 뉴진스 혜인 커버댄스 | 유아(YooA) - ♬숲의 아이(Bon voyage) [놀아줘클럽]
617,NewJeans All Songs Playlist (뉴진스 플레이리스트) (With Lyrics)
618,[에디터픽] 뉴진스 멤버 5명 법원에 탄원서…첫 공식 입장 / YTN
619,[뉴진스] 무대에서 하니에게 일어난 문제에 민지가 한 대처
620,'K팝 위상' 상징된 대기업 하이브...변화와 과제는? / YTN
621,[MPD직캠] 뉴진스 해린 직캠 4K 'Hype Boy' (NewJeans HAERIN FanCam) | @MCOUNTDOWN_2022.8.4
622,[입덕직캠] 뉴진스 하니 직캠 4K 'Attention' (NewJeans HANNI FanCam) | @MCOUNTDOWN_2022.8.11
623,[뉴진스/하니] 미션못할까봐 혼자 긴장해서 웃질못하는 팜하니ㅠㅠ
624,1분안에 알아보는 뉴진스 춤 실력 성장과정ㄷㄷ
625,"뉴진스, 이번엔 표절 의혹 제기 논란"
626,NewJeans (뉴진스) - Ditto (R&B trap remix by jis jeong)
627,[ENG/JP] 뉴진스 민지 못하는게 뭔지? feat. Ditto 최초 공개 ⚡아이돌 출발 드림팀⚡ [EP.5-1] | Idol's Physical Race | NewJeans
628,한국에서 더 잘하자 터져버린 해외 반응
629,"[뉴진스 NewJeans 무대 ] 에스파 aespa,이영지,BOYNEXTDOOR, 실리카겔,스테이씨 Reaction @231202 2023 mma 멜론뮤직어워드 직캠"
630,[뉴진스] 하니 놀리는 민지 모음
631,"뉴진스, 법원에 개인 명의 탄원서 제출 / KBS 2024.05.18."
632,NewJeans (뉴진스) 'INTRO+OMG' Stage Cam @ 2023 Weverse Con Festival
633,"법정 간 민희진 논란...""뉴진스 보호"" VS ""돈벌이 수단"" / YTN"
634,[얼빡직캠 4K] 뉴진스 민지 'Attention' (NewJeans MINJI Facecam) @뮤직뱅크(Music Bank) 220805
635,eng)코카콜라 맛있다. 맛있으면 또 먹어 NewJeans (뉴진스) - Zero MV reaction 리액션
636,"""방시혁, 뉴진스 인사 무시?""…""아일릿 새 안무, 죄다 복붙"" 폭발 / SBS / 모아보는 뉴스"
637,(Full Focused) NewJeans(뉴진스) 'Attention' 4K | BE ORIGINAL
638,[에디터픽] 뉴진스 멤버 5명 법원에 탄원서..분쟁 개입 신호탄? / YTN
639,[안방1열 풀캠4K] 뉴진스 'Cookie' (NewJeans FullCam)│@SBS Inkigayo 220807
640,NewJeans (뉴진스) - Cookie | KCON 2022 SAUDI ARABIA
641,[Light Jeans] NewJeans (뉴진스) 'Hype Boy' MV Reaction
642,[4K] 뉴진스 'Attention' 뮤직뱅크 1위 앵콜 직캠 (NewJeans Encore Fancam) @MusicBank 220819
643,[BTN뉴스] 우리학교에 뉴진스님 오신 날 “자랑하고 싶어요”
644,[MPD직캠] 뉴진스 하니 직캠 4K 'Cookie' (NewJeans HANNI FanCam) | @MCOUNTDOWN_2022.8.4
645,[뉴진스] 🐻민지 ESTJ 모먼트.zip 2편 (Newjeans Minji MBTI)
646,"“결국 지나갈 거야”.... 뉴진스 다니엘X민지, 하이브vs민희진 분쟁 속 심경고백 #newjeans #minheejin #hybe"
647,아일릿 멤버가 뉴진스 안티글을 보다가 실수했다고?
648,[K-Fancam] 뉴진스 민지 직캠 'Attention' (NewJeans MINJI Fancam) l @MusicBank 220805
649,연등회 한마당ㅣ극락도 樂이다 #부처핸섬 #뉴진스님 (2024년 5월 12일)
650,뉴진스(NewJeans) - 노세노세
651,"[#유퀴즈온더블럭] ""고통을 이겨냈더니 극!락!왕!생!"" 전 세계 불교계의 러브콜 받으며 제2의 전성기 맞이한 뉴진스님✨"
652,[뉴진스] MAMA에서 4세대 걸그룹 노래 커버한 뉴진스 #shorts
653,[제37회 골든디스크] NewJeans - 'Opening + Attention (Golden Disc ver.) + Hype Boy + OMG' ♪｜JTBC 230107 방송
654,[안방1열 직캠4K] 뉴진스 민지 'Attention' (NewJeans MINJI FanCam) @SBS Inkigayo 220807
655,확신의 고양이상 강해린 귀엽고 웃긴 모먼트 모음 zip
656,"""'뉴진스' 성공 예상했다""…K-POP의 지휘자 '프로듀서 민희진' / SBS / 초대석"
657,"“하이브, 뉴진스 차별대우” vs “민희진, 뉴진스 방패막이” 법정공방 / KBS 2024.05.18."
658,"아이돌vlog)뉴진스 멤버 광고 통편집 해명, 다이소 엠버서더 된 근황 브이로그"
659,민지&혜인 X 제이홉 'on the street' 챌린지. 뉴진스와 방탄 조합이라니 좋다ㅎㅎ 셋 다 넘 귀여움ㅋㅋ #홉진스 #BTS #jhope #NewJeans #뉴진스
660,[뉴진스] 하니 담당 한국어 선생님들 모음
661,"💙청룡영화상 뉴진스 무대, 배우들 반응 모음💙"
662,"뉴진스 전원, 법원에 탄원서…민희진에 힘 실은 듯 [MBN 뉴스센터]"
663,이게 진짜 키라고?ㄷㄷ 뉴진스 멤버들 키 공개되자마자 난리난 이유
664,ASAP
665,[ENG/JP] 오늘은 돈쓰는 날💰 feat.뉴진스 미공개 클립 ⚡아이돌 출발 드림팀⚡ [EP.5-3] | Idol's Physical Race | NewJeans | OMG
666,하이브 감사 시작 전 주식 전부 판 어도어 부대표｜지금 이 장면
667,[안방1열 풀캠4K] 뉴진스 'OMG' (NewJeans FullCam)│@SBS Inkigayo 230129
668,고장난 스텝 챌린지 ㅋㅋㅋㅋ#뉴진스
669,'부처핸섬' 인기 얻고 밈도 섭렵…젊어진 부처님오신날 [MBN 뉴스7]
670,[뉴진스] 피식하면 끝난 겨 EP.3
671,[KPOP IN PUBLIC | ONE TAKE] NewJeans (뉴진스) 'Attention' - Dance Cover by KD Center from Poland
672,Ditto - NewJeans(뉴진스) (KY.29066) / KY Karaoke
673,"""부처님도 씰룩거리시겠다ㅋㅋㅋ""…SNS 난리 난 불교 근황 / SBS / 모아보는 뉴스"
674,뉴진스 Attention 뮤비 표절
675,[페이스캠4K] 뉴진스 해린 'OMG' (NewJeans HAERIN FaceCam) @SBS Inkigayo 230115
676,"🐰뉴진스 하니에게 입덕했다면 꼭 봐야할 귀여운 하니어, 말투 모음집 최신판 🐰"
677,Newjeans(뉴진스) 하니 X Colde(콜드) - '와르르♥' | Newjeans HANNI X Colde - 'WA-R-R'
678,"“하이브, 뉴진스 차별대우” vs “민희진, 뉴진스 방패막이” 법정공방 / KBS 2024.05.17."
679,"뉴진스님 ""극락도 락""...세상 '힙'한 불교 행사 [이슈PLAY] / JTBC News"
680,[앵콜캠4K] 뉴진스 'Attention' 인기가요 1위 앵콜 직캠 (NewJeans Encore Fancam) | @SBS Inkigayo_2022.08.21.
681,아미 이어 이번에는 버니즈 나섰다…하이브서 “뉴진스 지지” 경영진 갈등→혜인 부상까지.. 악재에도 뉴진스 컴백 준비 이상 無 #newjeans
682,"“하이브, 뉴진스 차별대우” vs “민희진, 뉴진스 방패막이” 법정공방 [9시 뉴스] / KBS 2024.05.17."
683,진짜가 나타났다..❗️뉴진스 담당쌤이 알려주는 ✨진짜✨ 뉴진스st 메이크업 + 어디에서 볼 수 없는 꿀팁❤️ :: Real NewJeans Makeup
684,NewJeans I LG gram : 그램Style 뉴진스 리미티드 에디션 출시 기념 '아름다워' Official M/V
685,"뉴진스, 칸예, 지디도 팬 인증! 30년째 가장 잘 팔리는 예술가 '무라카미 다카시' 이야기"
686,"[단독] 정부, '안무저작권 지침' 만든다…'뉴진스 사태'로 연말까지 가이드라인 마련"
687,[페이스캠4K] 뉴진스 해린 'Cookie' (NewJeans HAERIN FaceCam) @SBS Inkigayo 220807
688,[K-Fancam] 뉴진스 하니 직캠 'Ditto' (NewJeans HANNI Fancam) l @MusicBank 230120
689,⚠️NEWJEANS (뉴진스) - BUBBLE GUM [10D USE HEADPHONES!] 🎧
690,"[뉴진스] 실시간 충격 뉴진스 ""계약해지 전문변호사 선임"" (""New Jeans"" prepares a lawsuit to terminate contract with HYBE)"
691,"[이슈플러스] 하이브·민희진 법정공방...""뉴진스 차별"" vs ""사익 위해 이용"" / YTN"
692,"뉴진스, 탄원서로 첫 입장 표명...방시혁 ""민희진, 악의적 행동"" / YTN"
693,"뉴진스 1위곡 vs 2위곡, 여러분의 선택은? #뉴진스 #newjeans #쇼츠 #shorts"
694,[자막뉴스] 법원에 등장한 뉴진스 이름 '깜짝'...민희진 지키려 직접 나섰나? / YTN
695,"[자막뉴스] ""네 커플 탄생했어요""...MZ 몰린 불교 행사 정체 / YTN"
696,"뉴진스, 탄원서로 첫 입장 표명...방시혁 ""민희진, 악의적 행동"" / YTN"
697,"핑크퐁VS아기상어, 뉴진스의 새 멤버는 누가 될까? | 뉴진스가 직접 알려주는 Attention(어텐션) 안무 포인트 | 뉴진스의 댄스클래스(4K) | 핑크퐁 Dance Alive"
698,법원에 탄원서 낸 뉴진스 멤버들 #Shorts (MBC뉴스)
699,[안방1열 직캠4K] 뉴진스 하니 'Cookie' (NewJeans HANNI FanCam) @SBS Inkigayo 220807
700,"2022 AKARAKA 아카라카 뉴진스 New Jeans Full? ver. 민지야 사랑해....Attention, Cookie, Hurt, Hype boy ✨VIP 1열시점✨"
701,"""부처핸섬"" ""나는 절로""...MZ 사로잡은 '힙'한 불교 / YTN"
702,NewJeans (뉴진스) 'Ditto' Dance Practice
703,"뉴진스 결국 법정으로? 멤버 전원, 탄원서 냈다 | 이슈픽 zip"
704,"NewJeans 뉴진스 2022 MMA (Cookie + Hype boy + Attention) Stage Reaction ( IVE, STAYC, ATBO, 임영웅, 멜로망스)"
705,"[자막뉴스] 김호중, 사고 전 유흥주점 갔다...새 녹취 터지자 소속사가 낸 입장 / YTN"
706,뉴진스(NewJeans)만 보면 하트💖가 튀어나와~ 귀엽고 사랑스런 뉴깅이들 하고 싶은 거 다해~요약ZIP EP.1(SUB)ㅣ#뉴진스코드in부산 #뉴진스컴백축하해
707,[ENG]최초공개! #뉴진스 혜인의 가방 속을 처음 공개합니다. 혜인이가 좋아하는 최애 키링들부터 민지 언니에게 선물 받은 아이템까지. 귀염막둥이의 가방 속에는 무엇이?
708,"[뉴스 ‘꾹’] ""엑스레이 보니 남편 몸속에.."" '투플' 한우 먹다 ""뚜둑"" 경악 (2024.05.15/MBC뉴스)''"
709,하이브 - 민희진 법정서 정면충돌…뉴진스 놓고 감정싸움 / 연합뉴스TV (YonhapnewsTV)
710,"하이브, 뉴진스 긴 휴가 제안 폭로한 엄마 (+삼프티)"
711,1부 뉴진스 지켜 2부 자전거 쇼핑 3부 흑자명화
712,‘이거 진짜야?’ 순식간에 모든 게 사라졌다..최악의 공포 덮친 美 [세계는 날리지]
713,뉴진스[NewJeans] 대선배라 불리는 일본 걸그룹
714,"[단독]김호중, 사고 직전 유흥주점 들렀다 | 뉴스A"
715,NewJeans (뉴진스) 'Cool With You' & 'Get Up' Official MV (side B)
716,"하이브-민희진 첫 법정 다툼... ""뉴진스 가스라이팅"" vs""차별 대우"" [이슈PLAY] / JTBC News"
717,"[이슈] 민희진 ""뉴진스만 차별"" vs 하이브 ""가스라이팅을 모녀관계로"" / '음반 밀어내기 의혹' '무속 경영' 원색적 법정공방 /2024년 5월 18일(토)/KBS"
718,"하이브 - 민희진 법정공방…""뉴진스 차별"" vs ""가스라이팅"" / 연합뉴스TV (YonhapnewsTV)"
719,NewJeans (뉴진스) 'OMG' MV Reaction
720,'뉴진스 맘' 민희진 대표 아닌 현실 부모님들의 이야기를 들어보자 (맴찢) #shorts #뉴진스 #방시혁
721,[이슈 직진] 뉴진스 멤버 전원 탄원서...법원이 누구 손 들어줄까? #shorts #뉴스센터 | MBN 240518 방송
722,A film by NewJeans 🎬 출연: 뉴진스 / 촬영: 뉴진스 / 편집: 뉴진스 #NewJeans #뉴진스 #NewJeans_OMG #NewJeans_Ditto
723,뉴진스의 신곡 Supernatural 작사•작곡에 참여한 퍼렐 윌리엄스(Pharrell williams)
724,"[뉴스 '꾹'] ""한가인 씨에 죄송"" 폭발한 PD들..""방송재개 안 되면 강경투쟁"" (2024.05.14/MBC뉴스)"
725,"뉴진스님 따라 ""부처 핸섬""... 세상 '힙'한 불교인들 #shorts / 연합뉴스TV (YonhapnewsTV)"
726,NewJeans (뉴진스) The 37th GOLDEN DISC AWARDS Dance Practice
727,OMG step challenge 🅾️❎ #NewJeans #뉴진스 #NewJeans_OMG #NewJeans_Ditto#Year_of_NewJeans
728,"이벤트로 코인 받았을 뿐인데…'400억 세금' 내라는 국세청, 왜 / JTBC 뉴스룸"
729,[자막뉴스] 눈부신 K팝 이면엔...고스란히 드러난 민낯 / YTN
730,"[이슈] 하이브-민희진, ‘대표 해임’가처분 오늘 심문/Min Heejin having a court hearing against HYBE/2024년 5월17일(금)/KBS"
731,민희진 운명의 날…가처분 심문｜지금 이 장면
732,"민희진 ""외부 투자 제안?…투자와 무관한 사적인 자리"" / SBS / 굿모닝연예"
733,[단독]김호중 뺑소니 입건…사라진 블랙박스 메모리카드 | 뉴스A
734,"""어서와~ 불교 EDM은 처음이지?""... 조계종도 뉴진스님 대환영 #shorts / 연합뉴스TV (YonhapnewsTV)"
735,"검찰 향해 역정낸 김성태 ""우리가 봉이냐고, 정치인한텐 말도 못하는 것들이""…징역 3년 6개월 구형 받고 한 말 (현장영상) / SBS"
736,민희진.. 뉴진스 개ㅆ욕 카톡내용 🤦‍♀️ | 뉴진스 맘이라더니 이게 현실 | 감성팔이만 하면 선동되는 대한민국
737,"#뉴진스 이 정도면 국가유산! (KBS 2024 Korea On Stage, NewJeans stage making)"
738,[오늘세계는] 이슬람 국가 말레이시아가 뉴진스님 입국 금지한 속사정은? -구정은 국제전문기자ㅣKBS 240517 방송
739,[뉴진스] 하니가 고른 뉴진스 최고의 무대는?
740,"#뉴진스, KBS '2024 코리아 온 스테이지' 경복궁 근정전 메이킹 필름 공개 | KBS 2024 Korea On Stage, NewJeans Making Film"
741,[뉴진스] 욕심쟁이 다람쥐
742,뉴진스 하니(Hanni) - 가끔 난 날 안 믿어(Nothing Matters) / 씨잼(C JAMM) [AI COVER]
743,자기 파트에 딴짓하는 뉴진스 하니 논란
744,하이브 vs 민희진 싸움에 뉴진스 등 터지다...
745,"부처님 오신 날, 뉴진스님 보고 극락가소서🤩"
746,뉴진스 하니가 작작년에 받은 것은?
747,한국을 사랑하는 뉴진스
748,뉴진스 하니(Hanni) - 끽 (feat. 민지) / 씨잼(C JAMM) (feat. Yescoba) [AI COVER]
749,"뉴진스, 걸그룹 최초 경복궁 근정전 앞에서 공연 / 연합뉴스TV (YonhapnewsTV)"
750,"법정서 맞붙은 하이브·민희진 측…""차별 대우""·""가스라이팅"" / SBS / #D리포트"
751,[버니즈로그] NewJeans👖💙덕질로그 뉴진스 다니엘 & 혜인 & 해린 & 민지 & 캣닢즈 생일 카페 투어 브이로그
752,뉴진스 하니 - 넌 쉽게 말했지만 | 윤상 | AI Cover
753,"[뉴스포커스] 김호중 ""음주운전 한 것 맞다""…입장 변화 이유는? / 연합뉴스TV (YonhapnewsTV)"
754,레고로 만든 뉴진스 버블껌 #뉴진스 #newjeans #버블검 #bubblegum #뮤직비디오 #레고스톱모션
755,뉴진스를 보는 각종 커뮤니티 반응
756,￼뉴진스 메인댄서는 하니? 해린?
757,|하남댄스학원| NewJeans (뉴진스) 'Cookie' |걸스힙합| |BUZZER BEATER DANCE| (하남미사댄스학원)
758,뉴진스 민지-Strawberries & Cigarettes(Troy sivan) AI cover
759,NewJeans (뉴진스) ‘Bubble Gum’ (dese Remix)
760,NCT U 엔시티 유 'Baggy Jeans' MV
761,'부처핸섬' 인기 얻고 밈도 섭렵…젊어진 부처님오신날 [굿모닝 MBN]
762,"[뉴스초점] 김호중 ""진실 밝혀질 것"" 첫 입장…오늘도 공연 강행 / 연합뉴스TV (YonhapnewsTV)"
763,뉴진스 해린- 그러는 그대는 (IU) AI COVER
764,Bubble Gum - NewJeans(뉴진스) (cover)
765,"3년 연속 5·18 기념식 찾은 尹‥ ""오월 정신, 자유민주주의 꽃"" - [풀영상] MBC 뉴스데스크 2024년 05월 18일"
766,𝗣𝗹𝗮𝘆𝗹𝗶𝘀𝘁 • 소녀들의 취향을 가득 담아 | 뉴진스의 추천곡 NewJeans
767,2024 미스춘향 (진) 미모의 김정윤님 뉴진스(NewJeans) Super Shy 무대
768,"""떨어졌을 때 들어가야""...미국 증시 투자 전략[염블리의 비밀노트/5월 3주차 ②]"
769,청량함을 집어 삼키고 어텐션 느낌으로 돌아온 뉴진스🫧🫧 #newjeans #bubblegum
770,"[핫클릭] 뉴진스, 걸그룹 최초 경복궁 근정전 공연 外 / 연합뉴스TV (YonhapnewsTV)"
771,"[다시보기] 뉴스룸｜""윤 대통령 임기부터 1년 줄이자"" 조국이 쏘아올린 '개헌론' (24.5.17) / JTBC News"
772,"MBN 뉴스센터 [다시보기] 윤 대통령 5·18 기념식 3년 연속 참석…""풍요로운 미래가 오월 정신의 계승"" - 2024.5.18 방송"
773,"트로트 가수 김호중, 뺑소니 후 운전자 바꿔치기 의혹 [아침&매일경제]"
774,[😡뒤질래]민희진 뉴진스 이를 추종하는 짐승들 _ 살포시 즈려밟고 나락가자/구제불능이다
775,[1시간] NewJeans (뉴진스) 'Bubble Gum' / 𝑝𝑙𝑎𝑦𝑙𝑖𝑠𝑡🫧
776,[Playlist] New jeans 앨범 몰아듣기
777,Bubble Gum (New Jeans) / 뉴진스 / Lily Sue
778,불교가 이럴 줄은.. 뉴진스님에 난리난 이유 [shorts]
779,발소리만 듣고 뉴진스 안무 맞추기 가능?? #NEWJEANS #shorts
780,전화로 분량 톡톡히 챙기는 귀여운 막내 혜인이 #할명수 #뉴진스
781,NewJeans (뉴진스) 'Gray' (AI)
782,뉴진스 좋아 버블검 좋아🫧💙 #newjeans #뉴진스 #bubblegum #버블검 #cover #kpop #kpopcover #음악 #노래 #노래추천 #플레이리스트 #커버
783,"[가사ASMR] 뉴진스, Bubble Gum / New Jeans' Bubble Gum"
784,민희진 대표 뉴진스 험담 카톡 내역 공개 [사실이라면 법적으로 불리해질 가능성이 농후하다] #shorts
785,"[이슈 직진] ""외쳐! 부처핸섬!"" 젊은 세대 사로잡은 '힙한 불교' #shorts #뉴스7 | MBN 240515 방송"
786,민지언니 해줘 #Hanni #ハニ #NewJeans
787,버니즈는 다 알아야 하는 뉴진스 해린의 숨은 매력 포인트 #버니즈 #뉴진스 #해린 #앞니 #총생
788,"[다시보기] 뉴스룸｜경찰, 순직 채상병 상관 대질조사…""해병대 수사문건에 상급 부대 지침"" (24.5.19) / JTBC News"
789,NewJeans (뉴진스) 'Get Up (Full Version/AI COVER)' Official MV @sanathathoe
790,새벽까지 버니즈에게 노래해준 팜하니
791,뉴진스 하니(Hanni) - 끽 (feat. 민지) / 씨잼(C JAMM) (feat. Yescoba) [AI COVER] #shorts
792,뉴진스 하니(Hanni) - 가끔 난 날 안 믿어(Nothing Matters) / 씨잼(C JAMM) [AI COVER] #shorts
793,(나의체) 인어공주 한글버전 가사 써보기 (뉴진스 다니엘 버전) #kpop #Danielle #뉴진스 #다니엘
794,'최초 공개' NCT U - Intro + Baggy Jeans #엠카운트다운 EP.812 | Mnet 230831 방송
795,[쩜상 시크릿] 불타오르는 음식료주 이제 시작 ! 전선 랠리 고점은 언제까지???? #삼양식품 #ls에코에너지
796,NewJeans (뉴진스) - Bubble Gum (1 HOUR LOOP) Lyrics | 1시간 가사
797,팜르렁 #뉴진스 #하니 #해린 #혜인 #Newjeans 🎥 [Jeans' ZINE] 조금 이른 봄놀이 EP.2 비가 와도 직진 직진🛶 ｜ NewJeans
798,4명만 나온다고 활동 중단 컴백 함께하지 않아 뉴진스 멤버
799,[뉴진스 하니&해린&혜인] 욕심쟁이 다람쥐 🐿
800,뉴진스 멤버 5명 법원에 탄원서...
801,뉴진스 뮤비에 늘 함께했던 아이템이 있다고?
802,"데뷔부터 3월까지 뉴진스 멤버 인기순위 From our debut until now, who is the member of NewJeans 22 8~24 3브랜드평판#민희진"
803,🌟스톤헨지X뉴진스 AR필터🌟 #stonehenge #newjeans #selfie
804,뉴진스 감독 입장 밝혔다
805,공개된 아일릿 새 안무에 나온 반응 #shorts
806,뉴진스가 아이브때매 망한 이유 TOP7
807,[풀영상] 뉴스광장 : 이란 대통령 헬기 추락…미·유럽 ‘촉각’ - 2024년 5월 20일(월) / KBS
808,킬포가 너무 많은 버블검 뮤비 #뉴진스 #민지 #하니 #다니엘 #해린 #혜인 #버니즈 #팜니쥬 #PhamneedU #PNU #NJS #newjeans
809,"[자막뉴스] ""무례함 선 넘었다"" 피식대학, 지역 비하 뭐길래? / 채널A"
810,왜.. 물어본거야? #뉴진스 #민지 #혜인 #Newjeans 🎥 [ENG SUB] 기분이 나쁠 땐？ 뉴진스를 보세요😉👈🏻 ｜ 아이돌 인간극장
811,뉴진스 노래모음 (가사포함) | NewJeans Playlist (Korean Lyrics)
812,"방시혁 하이브 아티스트 SNS 차별논란, 왜 뉴진스만 없을까? #shorts #르세라핌 #뉴진스"
813,"[에디터픽] 김호중 ""술잔에 입 댔지만 안 마셨다""..검찰총장 대행 출신 변호사 선임 / YTN"
814,"[이슈 Pick? Pick!] 3년 연속 5·18 기념식 찾은 尹‥""오월 정신, 자유민주주의 꽃"" (2024.05.18)"
815,【NewJeans】[8K HBR] Be Who You Are @Music Video
816,"[오늘세계는] 풀영상 - 중-러 정상, 회담에서 협력 강화키로 + 클럽에서 공연하는 뉴진스님, 입국 금지 호소한 말레이시아 속사정 外ㅣKBS 240517 방송"
817,뉴진스 이번 신곡 레전드다ㅠ#뉴진스#bubble gum#하루한끼#shorts
818,[미리보는오늘] 박정훈 전 해병대수사단장 4차 공판...'민희진·하이브' 의결권 행사금지... / YTN
819,🔴 다시 보는 주간 '조회수HOT' - 2024년 5월 19일 / SBS
820,뉴진스 - Ditto (1시간) / 가사 Lyrics
821,NewJeans 'Bubble Gum' Lyrics (Color Coded Lyrics Eng/Rom/Han)
822,𝐏𝐥𝐚𝐲𝐥𝐢𝐬𝐭 내가 들으려고 만든 뉴진스 노래모음 (1Hour Loop)
823,[1 HOUR] NewJeans (뉴진스) 'Bubble Gum' Lyrics (뉴진스 Bubble Gum 가사) [Color Coded Han_Rom_Eng]
824,"김호중 뺑소니 논란, 일파만파...하이브-민희진 사태 분수령 / YTN"
825,[자막뉴스] ＂부처핸섬!＂ 젊어진 부처님 오신 날 풍경 어땠나? | 이슈픽
826,김주하 AI 앵커가 전하는 5월 17일 MBN 뉴스7 주요뉴스
827,2일차 버니즈의 뉴진스 포카 챌린지! 최애부터 오애까지 맞춰보세요! #뉴진스 #하니 #민지 #해린 #혜인 #다니엘
828,뉴진스 해린 앗 네
829,뉴진스 해린 강해린 신기한 윙크 모음
830,newjeans - bubble gum (cover)
831,뉴진스 해린 강해린 신기한 윙크 모음
832,제 방 페인트칠 중 3시간 넘게 걸렸어여ㅠ #newjeans #뉴진스 #버니즈#떡상떡상떡상
833,뉴진스의 버블검
834,마침내 바다를 벗어난 다니에리얼
835,[𝗡𝗲𝘄𝗝𝗲𝗮𝗻𝘀 𝗣𝗹𝗮𝘆𝗹𝗶𝘀𝘁] 뉴진스 노래 모음🐰 (전곡 | All Songs)
836,"난 행운아야 정말로 I know, I know (최종 ver.)"
837,[명훈] 스킬먹고 인생역전 ㄷㄷ 오늘 생일 폭풍성장 갈게요!! 악놀2
838,"다가오는 여름을 기다리며 듣는 재즈플리🏖️ SUMMER JAZZ l Jazz Piano Music for Cafe Study, Work, Focus💕"
839,오늘도 건실한 마음으로
840,"흔한 일반인이 직접 부른 “NewJeans - Bubble Gum"" 🫧 #cover #vocal #newjeans #hybe #kpop #covervocal"
841,𝗧𝘂𝗲𝘀𝗱𝗮𝘆 𝗝𝗮𝘇𝘇 | 출근해서 틀어놓으면 하루 뚝딱..! 퇴근이 빨리 다가오는 재즈플리😀 | Tuesday Jazz Playlist
842,쁘띠 마망
843,Karaoke!
844,"💻일할 때 듣기 좋은 재즈플레이리스트🥰 l Relaxing Jazz Piano Music for Study, Work, Focus"
845,마음이 안정되고 기분 좋아지는 음악🌲하루10분 만병을 치료 해주는 힐링 명상 기치료 음악 및 영상 - 아침음악 - 힐링음악 - 명상음악 - 스트레스해소음악
846,뉴욕의 연인들 (2011)
847,(New Jeans) 뉴진스 다니엘 입덕모음.zip2📂
848,"Playlist: 아침에 듣기 좋은 상쾌한 팝송 모음 🍀 도입부 부터 좋은, 적당히 리듬타는 노래 모음"
849,해린은 어떻게 뉴진스 대표 춤꾼이 되었을까?
850,슈가 앤 스타
851,민지 걱정하는 팜 #뉴진스 #민지 #하니 #다니엘 #해린 #혜인 #버니즈 #팜니쥬 #PhamneedU
852,MIN HEEJIN WILD SHOCKING KAKAO CHAT (ALLEGEDLY) ABOUT NEWJEANS & BUNNIES NEWJEANS에 대한 충격적인 카카오톡 채팅
