,Unnamed: 0,video_title
0,0,NewJeans (뉴진스) 'Bubble Gum' Official MV
1,1,[Light Jeans] NIKE Air Max Campaign Shoot Behind 👟 | NewJeans
2,2,[Jeans' ZINE] 조금 이른 봄놀이 EP.2 비가 와도 직진 직진🛶 | NewJeans
3,3,⏰Sleeping beauty…🥀 #NewJeans #뉴진스 #NewJeans_is_Everywhere
4,4,I'm kickin' back and I'm #NewJeans #뉴진스 #NewJeans_is_Everywhere
5,5,productive baby 👼 #NewJeans #뉴진스#NewJeans_is_Everywhere
6,6,Finding Bunnies #NewJeans #뉴진스 #Bunnies_Membership #Bunnies_Club
9,9,뉴진스 노래모음 (가사포함) | NewJeans Playlist (Korean Lyrics)
10,10,"뉴진스의 심경 토로 ""결국 지나갈 것""...오늘 밤 경복궁 특설무대 올라｜지금 이 장면"
11,11,소름돋는 뉴진스 위약금.. 계획 앞당긴 민희진 왜?
12,12,(SUB) 뉴진스(NewJeans) 세 번째 출연권 따낸(?) 애비진스ㅣ할명수 ep.183
13,13,160억 뉴진스 VS 1500억 아일릿
14,14,르세라핌으로 알아보는 '개저씨들' 취향
15,15,꾸준히 실력논란 되고 있는 아일릿 원희 #shorts
16,16,'뇌절vs이해간다' 뉴진스 부모님의 지적
19,19,뉴진스 민지 다니엘 입열다 #뉴진스 #민지 #다니엘
20,20,NewJeans 'Bubble Gum' Lyrics (뉴진스 Bubble Gum 가사) (Color Coded Lyrics)
21,21,"2023년은 토끼해라던데!?🐰 Attention부터 Hype boy, Hurt까지 뉴진스 모든 무대 몰아보기 | NewJeans Stage Compilation"
22,22,뉴진스와 함께할 새로운 계절을 기다리며🌊 'Attention'부터 'OMG'까지 뉴진스 무대 몰아보기 | NewJeans Music Bank Stage Compilation
23,23,NewJeans (뉴진스) 'Hype Boy' Official MV (Performance ver.2)
24,24,NewJeans (뉴진스) Live @ Lollapalooza 2023 (Full Performance)
25,25,"민희진 뉴진스 멤버 비하, 뒷담 욕 결국 인정한 근황, 살 못빼는 개초딩들,하니 개뚱뚱 찌발(실제카톡)"
26,26,뉴진스(NewJeans) 한복 디자이너가 남긴 장문의 작업 후기에 사람들이 놀란 이유? / MTN STAR
27,27,결국 뉴진스도 봐버린 짤들
28,28,뉴진스 새로운 멤버 발표😳!!!포닝
29,29,뉴진스 민희진 관계가 불안한 이유
30,30,대퓨님 인스타에 올라온 뉴진스 #Hanni #ハニ #NewJeans
33,33,"𝐏𝐥𝐚𝐲𝐥𝐢𝐬𝐭 트렌드의 아이콘 뉴진스, 잔잔하며 풋풋한 뉴진스의 히트곡 모음 𝑵𝒆𝒘𝑱𝒆𝒂𝒏𝒔 𝑷𝒍𝒂𝒚𝒍𝒊𝒔𝒕"
34,34,새 국면 맞은 '민희진의 난' 뉴진스 탄원서로 '반격' [뉴스.zip/MBC뉴스]
35,35,'뉴진스'와 멕시코 걸그룹 '진스'
36,36,Hype 'V'oy with #BTS #V 🧸#NewJeans #뉴진스 #NewJeans_HypeBoy#Time_to_NewJeans
37,37,[뉴진스] 강고양이 소화력 미쳤다
38,38,뉴진스 멤버들 실물 #뉴진스 #shorts
41,41,NewJeans (뉴진스) 'Super Shy' Official MV
42,42,[뮤뱅 원테이크 4K] 뉴진스(NewJeans) 'Attention' 4K Bonus Ver. @뮤직뱅크(Music Bank) 220805
43,43,NewJeans (뉴진스) 'ETA' Official MV
44,44,BABYMONSTER - ‘SHEESH’ M/V
45,45,ILLIT (아일릿) ‘Magnetic’ Official MV
46,46,BTS (방탄소년단) 'Dynamite' Official MV
47,47,NewJeans (뉴진스) 'Hype Boy' Official MV (Performance ver.1)
48,48,NewJeans (뉴진스) 'ETA' Official MV (Performance ver.)
49,49,NewJeans (뉴진스) 'OMG' Official MV
50,50,NewJeans (뉴진스) 'Attention' Official MV
51,51,"민희진 ""뉴진스, 살 하나 못 빼는 초딩들"" / KNN"
52,52,뉴진스와 함께할 새로운 계절을 기다리며🌊 'Attention'부터 'OMG'까지 뉴진스 무대 몰아보기 | NewJeans Music Bank Stage Compilation
53,53,NewJeans(뉴진스) - Ditto @인기가요 inkigayo 20230115
54,54,[뉴진스] 강고양이 소화력 미쳤다
55,55,뉴진스 멤버들 실물 #뉴진스 #shorts
56,56,이제 보니 소름돋는 뉴진스 ETA 가사 숨겨진 의미
57,57,Hype 'V'oy with #BTS #V 🧸#NewJeans #뉴진스 #NewJeans_HypeBoy#Time_to_NewJeans
60,60,NewJeans(뉴진스) - Super Shy @인기가요 inkigayo 20230716
61,61,NewJeans 'Ditto' Lyrics (뉴진스 Ditto 가사) (Color Coded Lyrics)
62,62,NewJeans(뉴진스) - New Jeans @인기가요 inkigayo 20230716
63,63,'컨셉 유출?' 뉴진스 스타일리스트 협박한 하이브
64,64,[뉴진스] 갓 일어난 얼굴 실화냐
65,65,헐.. 뉴진스와 민희진! 드디어 함께 하이브 탈출?!
66,66,[뉴진스] New Jeans + Super Shy +ETA + Cool with you + Get up 메들리 #shorts
69,69,[예고] 뉴진스(New Jeans) - Cool with you [코리아 온 스테이지 - 뉴제너레이션] | KBS 방송
70,70,[4K] NewJeans (뉴진스) Hype Boy (하입보이) 교차편집 (Stage Mix)
71,71,NewJeans (뉴진스) 'Attention' Official MV (Performance ver.)
72,72,NewJeans (뉴진스) 'Ditto' Official MV (side A)
73,73,[#코리아온스테이지] 뉴진스 티저 | KBS 240521 방송
74,74,"[뉴진스] 충격 뉴진스 위약금 ""6천억원 토해내야"" (""New Jeans"" must pay $500 million as penalty when leaving HYBE)"
75,75,버블검🧼처럼 청량하고💙 바라만 봐도 행복해지는 아기토끼들🐰 뉴진스(NewJeans) 무대모음 | #소장각 | KBS 방송
76,76,뉴진스 사태로 아리아나 그란데가 하이브 탈주했던 이유 미국에서 재조명…
77,77,"[리액션캠 4K] 뉴진스, ‘INTRO + ETA & Super Shy’ 축하공연 [제44회 청룡영화상 시상식] | KBS 231124 방송"
78,78,"피식대학 지역 비하 '시끌'…해당 업주도 ""조금 무례했지요"" #소셜픽 / JTBC 아침&"
79,79,"뉴진스, ‘Hype boy & Attention’ 축하공연 [제43회 청룡영화상 시상식] | KBS 221125 방송"
80,80,Hype boy - 뉴진스(NewJeans) [뮤직뱅크/Music Bank] | KBS 220819 방송
81,81,뉴진스 까계정 팔로우한 아일릿멤버?
82,82,하이브 아니고 어도어라고 말하는 민지 혜인
83,83,160억 뉴진스 VS 1500억 아일릿
84,84,민희진 이사회 결과.. 벌써 하이브 떠난다고? ㅠㅠ
87,87,NewJeans (뉴진스) 'OMG' Official MV (Performance ver.1)
88,88,NewJeans (뉴진스) 'Ditto' Performance Video
89,89,아일릿 뉴진스 카피🧅까도 까도 또 나오네
90,90,Hype 'V'oy with #BTS #V 🧸#NewJeans #뉴진스 #NewJeans_HypeBoy#Time_to_NewJeans
91,91,알고보면 소름돋는 뉴진스 데뷔 과정 ㄷㄷ
92,92,대퓨님 인스타에 올라온 뉴진스 #Hanni #ハニ #NewJeans
95,95,진심 한숨만 나온다는 뉴진스 신곡 뮤비;;
96,96,르세라핌 아직 정신 못차린듯
97,97,방시혁의 르세라핌 VS 민희진의 뉴진스 데뷔 당시 되돌아보기
98,98,[뉴진스] New Jeans + Super Shy +ETA + Cool with you + Get up 메들리 #shorts
99,99,'컨셉 유출?' 뉴진스 스타일리스트 협박한 하이브
100,100,헐.. 뉴진스와 민희진! 드디어 함께 하이브 탈출?!
101,101,뉴진스 Right Now MV Teaser 공개
104,104,"뉴진스 진짜 문제는 7월부터…미 언론도 ""통제력 잃을 것"" #뉴스다 / JTBC News"
105,105,[BE ORIGINAL] NewJeans(뉴진스) 'Attention' (4K)
106,106,민희진 광고업계 종사자가 올린 글
107,107,르세라핌으로 알아보는 '개저씨들' 취향
108,108,"뉴진스, 또 멕시코 걸그룹 진스(1996) 카피 논란, 사카탁(1982) 아일릿, 맥도날드 댄스논란까지"
109,109,뉴진스가 베꼈다는 멕시코 걸그룹 '진스'
110,110,"방시혁과 르세라핌, 그리고 뉴진스"
111,111,민희진이 숨겨놓은 소름돋는 영상들
112,112,뉴진스 민지가 박명수 앞에서 울컥한 이유
113,113,현재 뉴진스 OMG 역주행하는 이유
114,114,하이브 단월드 사태 뉴진스 - OMG 재해석
117,117,'뉴진스 험담' 메시지까지 여과 없이…'폭로전' 된 경영권 갈등 / JTBC 뉴스룸
118,118,실제로 뉴진스 부모님도 항의했다는 아일릿 뉴진스 조롱 장면 ㄷㄷ
119,119,안은진: 뉴진스하니가저를봤다니까요?
120,120,알고보면 소름돋는 뉴진스 데뷔 과정 ㄷㄷ
121,121,현재 논란의 중심이된 뉴진스 아이폰 무대
122,122,뉴진스 신곡 저격한 '아일릿 디렉터'
125,125,NewJeans(뉴진스) - New Jeans @인기가요 inkigayo 20230716
126,126,New Jeans
127,127,NewJeans 'New Jeans (ft. The Powerpuff Girls)' Lyrics (뉴진스 New Jeans 가사) (Color Coded Lyrics)
128,128,또 뉴진스 ‘안무 훔친' 아일릿..
129,129,이제서야 이해된다는 과거 뉴진스 행동들 ㄷㄷㄷ 소름주의
130,130,뉴진스 신곡 카피? 공개하자마자 저격당한 현재상황
131,131,'컨셉 유출?' 뉴진스 스타일리스트 협박한 하이브
134,134,민희진 기자회견에 대한 답변
135,135,뉴진스 첫 미국공연 관객반응ㄷㄷ 라이브 논란??
136,136,결국 헤어지게 될 것 같다는 뉴진스와 민희진..ㄷㄷ
137,137,뉴진스 민지가 박명수 앞에서 울컥한 이유
138,138,Hype boy - 뉴진스(NewJeans) [뮤직뱅크/Music Bank] | KBS 220819 방송
139,139,NewJeans (뉴진스) 'Attention' Official MV (Performance ver.)
140,140,"뉴진스가 'Lucky Girl Syndrome'을 커버한다면? (원곡: 아일릿, AI 커버)"
141,141,뉴진스랑 뭐가 다르냐는 질문에 대답한 아일릿
142,142,뉴진스 하니 어머니가 민희진에게 준 '이것'
143,143,뉴진스 르세라핌 데뷔 당시 대우 비교해보자
146,146,뉴진스 사이비설.. 결국에 이것이었다..? 소름이라는 암호코드
147,147,"뉴진스, ‘Hype boy & Attention’ 축하공연 [제43회 청룡영화상 시상식] | KBS 221125 방송"
148,148,NewJeans (뉴진스) 'Hype Boy' Official MV (DANIELLE&HAERIN ver.)
149,149,[K-Choreo 8K HDR] 뉴진스 직캠 'New Jeans' (NewJeans Choreography) @MusicBank 230714
150,150,뉴진스 까계정 팔로우한 아일릿멤버?
151,151,뉴진스 베꼈다는(?) 아이돌 그룹
152,152,뉴진스 하니 어머니가 민희진에게 준 '이것'
153,153,쏘스뮤직 연습생이었다는 뉴진스 멤버들? #shorts
156,156,뉴진스 신곡 저격한 '아일릿 디렉터'
157,157,[NewJeans - Attention] Hot Debut Stage | #엠카운트다운 EP.764 | Mnet 220804 방송
158,158,뉴진스 인사 무시? 소름이라는 이것;;
159,159,눈을 의심하게 만든 충격적인 아이돌 사진 TOP3 #아이브 #뉴진스
160,160,뉴진스와 르세라핌 이정도면 진짜 차별당한거 맞지?
161,161,'160억vs1500억' 뉴진스와 아일릿 데뷔 차별
162,162,민희진 진짜 뭐냐.. '뉴진스' 숙소 공개
165,165,뉴진스 다니엘 친언니 가수데뷔..! 목소리 닮았음ㄷㄷ
166,166,뉴진스를 공개 응원한 아이돌
167,167,이제 보니 소름돋는 뉴진스 ETA 가사 숨겨진 의미
168,168,뉴진스멤버들 오열중
169,169,아일릿 뉴진스 카피🧅까도 까도 또 나오네
170,170,아일릿이 말아주는 '뉴진스 - 어텐션' ㅋㅋ
171,171,'뉴진스는 못 끼는' 하이브 친목?
172,172,뉴진스 콜라보 아티스트 논란
175,175,NewJeans Attention Lyrics (뉴진스 Attention 가사) (Color Coded Lyrics)
176,176,뉴진스 최애
177,177,황당함 주의;;; 하이브가 뉴진스 데뷔 전 예상했던 뉴진스 성적
178,178,뉴진스 Super Shy 뮤비에 이런게있었다고..?!?
179,179,"데뷔부터 3월까지 뉴진스 멤버 인기순위 From our debut until now, who is the member of NewJeans? (22.8~24.3)(브랜드평판#민희진"
180,180,NewJeans(뉴진스) - New Jeans @인기가요 inkigayo 20230716
181,181,NewJeans 'Cool With You' Lyrics (뉴진스 Cool With You 가사) (Color Coded Lyrics)
182,182,하이브 떠난 민희진에게 벌어질 일들
183,183,콩쥐의 돌변? 뉴진스 갑자기 이러네?ㅋㅋ
184,184,난리난 뉴진스 OMG 뮤비 댓글창... 사실일까 음모론일까
185,185,이쯤에서 다시보는 뉴진스의 시작 Attention
188,188,방시혁이 뉴진스 다니엘을 데뷔조에서 제외시키려고 했던 이유
189,189,[사건영상] 뉴진스-아일릿 비교 영상 얼마나 똑같길래? / 채널A
190,190,"""맛있는 거 보내줄까""...뉴진스 MV 감독, 민희진과 나눈 대화 공개 [지금이뉴스] / YTN"
191,191,'160억vs1500억' 뉴진스와 아일릿 데뷔 차별
192,192,아일릿이 말아주는 '뉴진스 - 어텐션' ㅋㅋ
193,193,이제서야 이해된다는 과거 뉴진스 행동들 ㄷㄷㄷ 소름주의
194,194,하이브 아니고 어도어라고 말하는 민지 혜인
197,197,NewJeans (뉴진스) 'Ditto' Official MV (side A)
198,198,두 귀를 의심하게 하는 아일릿 1위 앵콜 라이브 #shorts
199,199,민희진 나가면 뉴진스 1년반 쉬어
200,200,'뇌절vs이해간다' 뉴진스 부모님의 지적
201,201,아일릿이 또? 뉴진스 안무가들이 화난 이유
202,202,시술 의심 받았던 '뉴진스 혜인'
205,205,Side B - 절망편 | 하이브 단월드 관계설로 해석한 Ditto 뮤비 해석 | NewJeans (뉴진스) - Ditto [가사/해석/lyrics]
206,206,"방시혁의 뉴진스 홀대? ""모른 척하고 인사 외면""…""말도 안 되는 주장""｜지금 이 뉴스"
207,207,손절 당하는 중? 심각해보이는 아일릿 상황
208,208,알고 보니 각별한 사이라는 BTS 뷔와 민희진?
209,209,"[#유퀴즈온더블럭] ""고통을 이겨냈더니 극!락!왕!생!"" 전 세계 불교계의 러브콜 받으며 제2의 전성기 맞이한 뉴진스님✨"
210,210,Hype 'V'oy with #BTS #V 🧸#NewJeans #뉴진스 #NewJeans_HypeBoy#Time_to_NewJeans
211,211,New Jeans - 뉴진스(NewJeans) [뮤직뱅크/Music Bank] | KBS 230714 방송
212,212,"뉴진스(NewJeans), 상큼하고 발랄한 무대 ＜Tell Me(원더걸스)♬＞ #SBS가요대전 #SBSenter"
213,213,뒤늦게 터진 뉴진스 표절 의혹.. ㄷㄷ (feat.아일릿)
214,214,이제서야 이해된다는 과거 뉴진스 행동들 ㄷㄷㄷ 소름주의
215,215,뉴진스 멤버 어머니 고백 4가지 총정리
216,216,'뉴진스'와 멕시코 걸그룹 '진스'
219,219,#playlist | 그냥 뉴진스가 좋아서요
220,220,NewJeans (뉴진스) 'Attention' Official MV (Performance ver.)
221,221,NewJeans(뉴진스) - Cookie @인기가요 inkigayo 20220807
222,222,아일릿 데뷔날 뉴진스 혜인이 올린 사진의 의미 ㄷㄷ
223,223,또 뉴진스 생각난다는 '아일릿 후속곡' 컨셉
224,224,금쪽민지의 마지막 헬륨!!! #Hanni #ハニ #NewJeans
225,225,뉴진스 부모님들이 직접 나섰다
228,228,[NewJeans - Attention] Hot Debut Stage | #엠카운트다운 EP.764 | Mnet 220804 방송
229,229,NewJeans (뉴진스) 'Right Now' Official MV Teaser
230,230,[뉴진스] 타격감 좋은 하니 놀리기는 못참지
231,231,'160억vs1500억' 뉴진스와 아일릿 데뷔 차별
232,232,"하이브에서 돌연 활동 종료했던 여자친구, 뉴진스는 어떻게 될까?"
233,233,뉴진스 막내 혜인이 초6 시절
236,236,"뉴진스가 'Magnetic'을 커버한다면? (원곡: 아일릿, AI 커버)"
237,237,뉴진스 vs 아일릿 안무가 얼마나 똑같길래?? #shorts
238,238,[4K] NewJeans (뉴진스) Attention (어텐션) 교차편집 (Stage Mix)
239,239,방시혁이 무시한(?) 뉴진스 인사
240,240,[제49회 한국방송대상 시상식] 축하공연 - 뉴진스 Attention [제 49회 한국방송대상] | KBS 220905 방송
241,241,대퓨님 인스타에 올라온 뉴진스 #Hanni #ハニ #NewJeans
242,242,NewJeans (뉴진스) 'New Jeans' (교차편집 Stage Mix)
243,243,[단독샷캠4K] 뉴진스 'Ditto' 단독샷 별도녹화│NewJeans ONE TAKE STAGE @SBS Inkigayo 230115
244,244,[LIVE] 뉴진스님(NewJeansNim) - 극락왕생 | 두시탈출 컬투쇼
245,245,Super Shy - NewJeans 뉴진스 [Music Bank] | #SuperShy #NewJeans
246,246,민희진에게 선물을 보낸 뉴진스 ‘하니’ 부모님!?
247,247,𝐄 𝐓 𝐀 #NewJeans #뉴진스#NewJeans_ETA #NewJeans_is_Everywhere
248,248,결국 뉴진스도 봐버린 짤들
251,251,NewJeans 'Super Shy' Lyrics (뉴진스 Super Shy 가사) (Color Coded Lyrics)
252,252,NewJeans (뉴진스) 'Hype Boy' Dance Practice
253,253,NewJeans Attention Lyrics (뉴진스 Attention 가사) (Color Coded Lyrics)
254,254,'뇌절vs이해간다' 뉴진스 부모님의 지적
255,255,뉴진스 새로운 멤버 발표😳!!!포닝
256,256,충격적이라는 뉴진스 부모님 메일 내용 요약
257,257,'컨셉 유출?' 뉴진스 스타일리스트 협박한 하이브
260,260,OMG - 뉴진스(NewJeans) [뮤직뱅크/Music Bank] | KBS 230127 방송
261,261,"법원에 탄원서 낸 뉴진스 멤버들‥""민 대표 해임 안 돼"" (2024.05.18/뉴스데스크/MBC)"
262,262,[뉴진스] 하찮게 웃는 하니도 귀여운
263,263,뉴진스 조롱한 것 같다는 아일릿 영상 #shorts
264,264,불난 뉴진스 상황에 부채질할 뻔한 세븐틴 멤버 #shorts
265,265,[뉴진스] 모든 타이틀곡에서 후렴 센터를 맡은 멤버 #해린 #shorts
268,268,뉴진스 코카콜라 새로운 CF #Hanni #ハニ #NewJeans
269,269,NewJeans (뉴진스) 'Hype Boy' Official MV (HYEIN ver.)
270,270,NewJeans(뉴진스) - OMG @인기가요 inkigayo 20230115
271,271,이것까지 따라했다고?!ㄷㄷ 참다참다 폭발한 뉴진스 안무가 인스타 저격글
272,272,NewJeans(뉴진스) - OMG @인기가요 inkigayo 20230129
273,273,[예고] 뉴진스(New Jeans) - Cool with you [코리아 온 스테이지 - 뉴제너레이션] | KBS 방송
274,274,뉴진스 역대 발매곡 슈퍼리믹스 (Full Ver.)
275,275,뉴진스 인사도 안받아주는 방시혁 의장님
276,276,결국 뉴진스도 봐버린 짤들
277,277,뉴진스 팬싸인회 논란
278,278,160억 뉴진스 VS 1500억 아일릿
281,281,[#코리아온스테이지] 뉴진스 티저 | KBS 240521 방송
282,282,파워퍼프걸로 변신한 뉴진스 🎀 𝙉𝙚𝙬𝙅𝙚𝙖𝙣𝙨 - 𝙉𝙚𝙬 𝙅𝙚𝙖𝙣𝙨 [한글 가사/해석]
283,283,[릴레이댄스] NewJeans(뉴진스) - Attention (4K)
284,284,뉴진스 새로운 멤버 발표😳!!!포닝
285,285,'뇌절vs이해간다' 뉴진스 부모님의 지적
286,286,뉴진스 민희진 관계가 불안한 이유
287,287,방시혁의 특이한 '안면인식' ㅋㅋ
290,290,"미 시상식 진행자 뉴진스 때문에 당황, 진행 중단 (feat. 빌보드 위민 인 뮤직), 장난 아니네"
291,291,뉴진스가 베꼈다는 멕시코 걸그룹 '진스'
292,292,혜인 시그니처 포즈를 따라한 아일릿 안무?
293,293,이제보면 ㅈㄴ의미심장하다는 르세라핌 뉴진스 첫만남 장면 ㄷㄷ
294,294,불난 뉴진스 상황에 부채질할 뻔한 세븐틴 멤버 #shorts
295,295,"민희진이 숨겨놓은 또 다른 계정, 반지연?"
298,298,"[현장영상] ""예정대로 뉴진스 뮤직비디오 공개 되나요?"" 질문에… / 채널A"
299,299,금쪽민지의 마지막 헬륨!!! #Hanni #ハニ #NewJeans
300,300,NewJeans (뉴진스) - Bubble Gum [Audio]
301,301,[NewJeans - Cookie] Hot Debut Stage | #엠카운트다운 EP.764 | Mnet 220804 방송
302,302,NewJeans (뉴진스) 'Hype Boy' Special Performance Video
303,303,(SUB) 뉴진스~💕 예능에서 제일 나쁜 사람 만났으니까 이제 뭐든 할 수 있어요ㅣep.113
304,304,Attention - 뉴진스(NewJeans) [뮤직뱅크/Music Bank] | KBS 220805 방송
305,305,[NewJeans - Hype Boy] Hot Debut Stage | #엠카운트다운 EP.764 | Mnet 220804 방송
306,306,NewJeans (뉴진스) 2023 MMA Dance Practice
307,307,NewJeans (뉴진스) 'Hype Boy' Official MV (DANIELLE&HAERIN ver.)
308,308,[뉴진스] 김민지 동생들에게 기빨리다
309,309,르세라핌 뉴진스 이 만남 기쁘다
310,310,대퓨님도 보고 놀랄 뉴진스의 프로아이돌 모먼트🐰
311,311,뉴진스 해린님과 함께한 ANTIFRAGILE! 💪🐱 #LE_SSERAFIM #르세라핌 #홍은채 #NewJeans #뉴진스 #해린 #ANTIFRAGILE #shorts
314,314,뉴진스 (NewJeans) - Intro + Attention + Hype boy [2022 KBS 가요대축제] | KBS 221216 방송
315,315,[앵콜캠4K] 뉴진스 'Attention' 인기가요 1위 앵콜 직캠 (NewJeans Encore Fancam)│@SBS Inkigayo 220828
316,316,"2023년은 토끼해라던데!?🐰 Attention부터 Hype boy, Hurt까지 뉴진스 모든 무대 몰아보기 | NewJeans Stage Compilation"
317,317,"뉴진스 멤버 부모, '전속계약 분쟁' 전문 변호사 선임 / 연합뉴스TV (YonhapnewsTV)"
318,318,"""저..뉴진스의 엄청난 팬"" 무라카미 다카시와 콜라보, 티저 공개 #소셜픽 / JTBC 아침&"
319,319,NewJeans (뉴진스) 'Attention' Dance Practice (ver.3)
320,320,NewJeans (뉴진스) – Hype Boy Lyrics (Color Coded Han/Rom/Eng)
321,321,아일릿 vs 뉴진스 소름돋는 이 안무? ㄷㄷ
322,322,NewJeans (뉴진스) 'Cookie' Official MV
323,323,NewJeans (뉴진스) 'Cookie' Lyrics (Color Coded Lyrics)
324,324,[4K] NewJeans (뉴진스) - Celebrity | IU’s Palette (아이유의 팔레트)
325,325,[4K] NewJeans(뉴진스) “Hurt” Band LIVE Concert 최초로 공개하는 뉴진스의 Hurt FULL ver.💗 [it’s KPOP LIVE 잇츠라이브]
326,326,[단독샷캠4K] 뉴진스 'ASAP' 단독샷 별도녹화│NewJeans ONE TAKE STAGE│@SBS Inkigayo 230827
327,327,NewJeans (뉴진스) 'Hype Boy' Official MV (HANNI ver.)
328,328,[안방1열 풀캠4K] 뉴진스 'OMG' (NewJeans FullCam)│@SBS Inkigayo 230115
329,329,[뉴진스] 킴민지!!!! 모음
330,330,Ditto - 뉴진스(NewJeans) [뮤직뱅크/Music Bank] | KBS 230120 방송
331,331,방시혁이 보고도 무시했다는 뉴진스 인사하는 장면 모음
332,332,"New Jeans (뉴진스) - ""Hype Boy"" AKARAKA (아카라카) [Close Up]"
333,333,[지금뉴스] 뉴진스 컴백 코앞 본격 활동 시동…‘경복궁 공연’에 ‘1박2일’까지 / KBS 2024.05.14.
334,334,NewJeans (뉴진스) 'Hype Boy (하입보이)' 가사 (Color Coded Lyrics)
335,335,뉴진스 뽀삐뽀 모음.zip 📁
336,336,뉴진스_어텐션_댓글모음
337,337,민희진의 '뉴진스 멤버 비하' 사실일까?
338,338,민희진의 뉴진스 뒷담화? 충격적인 대화 공개..
339,339,[단독샷캠4K] 뉴진스 'OMG' 단독샷 별도녹화│NewJeans ONE TAKE STAGE @SBS Inkigayo 230115
340,340,뉴진스 민지 사과 어떻게 생각하세요
341,341,뉴진스 멤버들 탄원서에 ‘제2의 피프티피프티 사태’? [잇슈 컬쳐] / KBS 2024.05.20.
342,342,NewJeans (뉴진스) 'ASAP' Official MV
343,343,NewJeans (뉴진스) 'Hype Boy' Stage Cam @ HONGIK UNIVERSITY
344,344,"뉴진스 진짜 문제는 7월부터…미 언론도 ""통제력 잃을 것"" #뉴스다 / JTBC News"
345,345,드디어 만난 뉴진스 르세라핌
346,346,[제38회 골든디스크] NewJeans (뉴진스) - 'Cool With You + Ditto' ♪｜JTBC 240106 방송
347,347,Hype boy - 뉴진스(NewJeans) [뮤직뱅크/Music Bank] | KBS 220812 방송
348,348,[4K] NewJeans(뉴진스) “Ditto” Band LIVE Concert Ditto HOLIDAY BAND LIVE🎄 [it’s KPOP LIVE 잇츠라이브]
349,349,"방시혁의 아일릿, 민희진의 뉴진스…한 식구끼리 싸우는 이유, 깔끔하게 정리해드립니다 / SBS / 김태현의 정치쇼"
350,350,[K-Choreo 8K HDR] 뉴진스 직캠 'Ditto' (NewJeans Choreography) l @MusicBank 230120
351,351,뉴진스 부모님들이 나선 이유.. 소름돋는 증거 왜?
352,352,알고보면 소름돋는 뉴진스 경복궁 무대의 비밀
353,353,뉴진스 보고 표정관리 안되는 배우들 ㅋㅋㅋ
354,354,뉴진스 입장 공개! 부모님 변호사 총출동
355,355,[뮤뱅 원테이크 4K] 뉴진스(NewJeans) 'New Jeans' 4K Bonus Ver. @뮤직뱅크(Music Bank) 230714
356,356,NewJeans (뉴진스) 'Hype Boy' (교차편집 Stage Mix)
357,357,[릴레이댄스] NewJeans(뉴진스) - Hype Boy (4K)
358,358,NewJeans(뉴진스) - ETA @인기가요 inkigayo 20230730
359,359,뉴진스 리허설 라이브 발성 무엇
360,360,[Jeans’ ZINE] NewJeans Bakery EP.1
361,361,이재용·방시혁·쿠팡의 공통점은?‥'하이브'도 대기업 집단 (2024.05.15/뉴스데스크/MBC)
362,362,뉴진스는 어떻게 '애플' 광고를 했을까?
363,363,"민희진 ""가만히 있어도 천 억 버는데 미쳤다고 내부 고발?""...뉴진스 멤버·부모님 얘기하다 '오열' (현장영상) / SBS"
364,364,NewJeans (뉴진스) - Hype Boy 「Official Audio」
365,365,[뉴진스] 갓 일어난 얼굴 실화냐
366,366,[SUB] [뮤비해석] 뭐야 왜 이렇게 무서와요... | 뉴진스 ‘Ditto’ MV Explained
367,367,[뉴진스] 다니엘의 극락말투.. 무해하다 무해해
368,368,[단독샷캠4K] 뉴진스 'OMG' 단독샷 별도녹화│NewJeans ONE TAKE STAGE @SBS Inkigayo 230129
369,369,[뉴진스] 시무륵한 하니ㅠㅠㅠ
370,370,OMG 뮤비 충격씬 #뉴진스 #대박
371,371,뉴진스 1년6개월 휴가설에 난리난 전세계 해외팬들 반응
372,372,[뉴스모아] 진흙탕 싸움에도 뉴진스 '굳건'…하이브 '사이비 종교' 논란까지 / YTN
373,373,NewJeans (뉴진스) 'Hype Boy' Official MV (Performance ver.2)
374,374,NewJeans (뉴진스) 'Hurt' Official MV
375,375,NewJeans Hurt Lyrics (뉴진스 Hurt 가사) (Color Coded Lyrics)
376,376,NewJeans (뉴진스) 2023 Billboard Music Awards (Super Shy+OMG)
377,377,[뉴진스] 세상 무해한 뉴진스 관계성.zip 📁
378,378,"""방시혁, 뉴진스 인사도 안 받아""…하이브 ""부모까지 방패 삼는 민희진"" / SBS / 스브스픽"
379,379,[FULL] 🤟극락도 ROCK이다🤟 세상에서 가장 힙한 뉴진스님 보는 라디오 | 두시탈출 컬투쇼 | 240515
380,380,조계종으로부터 공식으로 디제잉 임명받은 뉴진스님
381,381,[전체공개]뉴진스님 '부처핸섬'에 야단법석 중생들!.. 나 몰래 또 재밌는거 하는 서울국제불교박람회 직관하고 옴
382,382,민지는 못말려🫥뉴진스 포닝
383,383,"'뉴진스' 4세대 걸그룹 끝판왕, 당신이 몰랐던 재밌는 사실들 (통합 ver.)"
384,384,"'뉴진스 계약 해지냐, 아니냐'…하이브-어도어 또 세게 붙었다｜지금 이 뉴스"
385,385,[단독샷캠4K] 뉴진스 'Attention' 단독샷 별도녹화│NewJeans ONE TAKE STAGE @SBS Inkigayo 220807
386,386,NewJeans (뉴진스) 'Hurt (250 Remix)' Special Video
387,387,분쟁에도 중단 없다…뉴진스 예정대로 컴백 프로모션 / SBS / 스브스픽
388,388,"뉴진스님 따라 ""부처 핸섬!""…콘서트장 된 연등행사 후끈 / SBS 8뉴스"
389,389,ASAP - 뉴진스(NewJeans) [뮤직뱅크/Music Bank] | KBS 230825 방송
390,390,"'1년 11개월 만에 도쿄돔 입성' 뉴진스, 이 와중에 놀라운 기록 [지금이뉴스] / YTN"
391,391,08년생 혜인이에게 어텐션
392,392,"[리액션캠 4K] 뉴진스, ‘INTRO + ETA & Super Shy’ 축하공연 [제44회 청룡영화상 시상식] | KBS 231124 방송"
393,393,민희진이 뉴진스 해린의 디올 앰버서더 계약을 파토낸 이유
394,394,뉴진스 사태로 아리아나 그란데가 하이브 탈주했던 이유 미국에서 재조명…
395,395,ETA - 뉴진스(NewJeans) [뮤직뱅크/Music Bank] | KBS 230804 방송
396,396,[안방1열 풀캠4K] 뉴진스 'Ditto' (NewJeans FullCam)│@SBS Inkigayo 230115
397,397,NewJeans (뉴진스) 'Right Now' Official MV Teaser
398,398,[맥도날드x뉴진스] 뉴진스와 함께 Chicken Dance!
399,399,"""방시혁, 멤버 인사 무시했다""...뉴진스 부모가 보냈다는 메일 보니 [지금이뉴스] / YTN"
400,400,속사정 밝혀짐
401,401,버니즈랑 Cool~🌊 했던 여름✨ 뉴진스가 보여준 다양한 컨셉의 무대를 모은 2nd EP 무대 몰아보기 | NewJeans 2nd EP Stage Compilation
402,402,뉴진스 버블검 샘플링 & 표절 완벽 비교
403,403,NewJeans(뉴진스) 'Hurt' Special Video
404,404,"뉴진스 부모들 의견서 공개돼…하이브 측 ""사실 아냐"" / SBS / 굿모닝연예"
405,405,"뉴진스, ‘INTRO + ETA & Super Shy’ 축하공연 [제44회 청룡영화상 시상식] | KBS 231124 방송"
406,406,[뉴진스] 모지혜 찐광기 시절 #뉴진스 #newjeans #다니엘
407,407,NewJeans (뉴진스) 2022 MMA Dance Practice (Cookie+Hype Boy+Attention)
408,408,[뉴진스] 극한직업 김민지
409,409,[단독샷캠4K] 뉴진스 'Cool With You' 단독샷 별도녹화│NewJeans ONE TAKE STAGE @SBS Inkigayo 230723
410,410,[뮤뱅 원테이크 4K] 뉴진스(NewJeans) 'Ditto' 4K Bonus Ver. @뮤직뱅크(Music Bank) 230120
411,411,NewJeans (뉴진스) 'Zero' Performance Video
412,412,경복궁 근정전 밝힌 뉴진스…“한국의 미 뽐냈다!” [9시 뉴스] / KBS 2024.05.16.
413,413,[4K] NewJeans(뉴진스) “Attention” Band LIVE Concert 뉴진스의 청량 하이틴 밴드라이브💫 [it’s KPOP LIVE 잇츠라이브]
414,414,[뉴진스] 두번은 당하지 않는 하니
415,415,은근 많다는 뉴진스 민지 닮은꼴 모음
416,416,NewJeans (뉴진스) 'ASAP' Teaser
417,417,뉴진스 도쿄돔 팬미팅은 매진인데...소속사 하이브-민희진 폭로전은 소나기｜지금 이 장면
418,418,이쯤에서 다시보는 뉴진스의 시작 Attention
419,419,"아일릿, 도넘은 뉴진스 베끼기"
420,420,[앵콜캠4K] 뉴진스 'OMG' 인기가요 1위 앵콜 직캠 (NewJeans Encore Fancam)│@SBS Inkigayo 230115
421,421,하입보이는 같이 춰야 제맛
422,422,[뉴진스 해린] 강해린 남돌 춤 모음
423,423,아일릿 또또또 표절..ㅠㅠ
424,424,[뉴진스] 피식하면 끝난 겨 EP.2
425,425,[Jeans' ZINE] 조금 이른 봄놀이 EP.1 날씨의 배신🌧 | NewJeans
426,426,뉴진스 민지 뒤를 잇는 어도어 보이그룹 오디션 영상 #shorts
427,427,SM의 살아있는 전설 민희진(이 참여한) 작품 모음 3탄 #shorts
428,428,"방시혁이 뉴진스 긴 휴가 보낸다, 거의 군입대 수준 ㅋㅋ"
429,429,NewJeans (뉴진스) 'OMG' Official MV (Performance ver.3)
430,430,진흙탕 싸움에 뉴진스 부모도 참전 | 뉴스TOP 10
431,431,Kitty Kang's never ending sneezing 😂 #newjeans #뉴진스 #kpop
432,432,[안방1열 풀캠4K] 뉴진스 'ETA' (NewJeans FullCam)│@SBS Inkigayo 230723
433,433,Super Shy - 뉴진스(NewJeans) [뮤직뱅크/Music Bank] | KBS 230714 방송
434,434,"뉴진스 혜인, 결국 컴백 활동 불참한다"
435,435,[르세라핌] 뉴진스와 같이 연습했던 르세라핌 멤버
436,436,NEWJEANS (뉴진스) PLAYLIST ALL SONGS
437,437,[뉴진스/하니] 팜하니 한국어&영어 갭차이🐣
438,438,뉴진스 데뷔무대 최신댓글
439,439,[교차편집] 슈퍼 러블리한 뉴진스🐰 때문에 두통😵두통😵 펀치펀치🥊펀치펀치🥊 (NewJeans Super Shy Stage Mix)ㅣKBS 방송)ㅣKBS 방송
440,440,"힙합,뉴잭스윙 믿고보는 뉴진스 댄브 #newjeans"
441,441,[앵콜캠4K] 뉴진스 'Ditto' 인기가요 1위 앵콜 직캠 (NewJeans Encore Fancam) | @SBS Inkigayo 230129
442,442,[4K] NewJeans(뉴진스) - 'OMG' | Performance Clip #Multiview #NewJeans
443,443,뉴진스 까계정 팔로우한 아일릿멤버?
444,444,'엔터사 최초 대기업' 하이브...시험대 오른 '총수' 방시혁 / YTN
445,445,뉴진스ㅣ요즘 아이돌과 달라보이는 이유
446,446,"뉴진스, '영국박물관' 한국어 오디오 가이드 재능기부 / SBS / 굿모닝연예"
447,447,NewJeans (뉴진스) 'Tell me (FRNK Remix)'
448,448,OMG 1위 앵콜 라이브
449,449,뉴진스 컴백 앞두고 벌어진 초유의 사태...하이브-어도어에 무슨 일이 [뉴스픽] / KBS 2024.04.22.
450,450,'뉴진스님'에 화난 이 나라? 국회의원이 ＂입국 막아 달라＂ | 이슈픽 zip
451,451,[K-Choreo 8K HDR] 뉴진스 직캠 'Attention' (NewJeans Choreography) l @MusicBank 220805
452,452,[MPD직캠] 뉴진스 직캠 8K 'Attention' (NewJeans FanCam) | @MCOUNTDOWN_2022.8.11
453,453,"안면인식장애 때문에 외면?…""뉴진스에 긴 휴가 주겠대요"" / SBS / 스브스픽"
454,454,민희진 카톡 공개 ㄷㄷ 뉴진스 뒷담화 사실일까? #민희진 #뉴진스 #하이브
455,455,뉴진스 OMG 씹덕 풀버전
456,456,하이브가 예상한 뉴진스 성적
457,457,꾸준히 실력논란 되고 있는 아일릿 원희 #shorts
458,458,"[문화연예 플러스] ""뉴진스 홀대"" 주장‥하이브 ""사실 아니야"" (2024.05.14 /뉴스투데이/MBC)"
459,459,[단독샷캠4K] 뉴진스 'Hype Boy' 단독샷 별도녹화│NewJeans ONE TAKE STAGE @SBS Inkigayo 220821
460,460,충격 단독! 뉴진스 자료 공개합니다
461,461,뉴진스 르세라핌까지 따라했다고 말 나오는 하이브 신인걸그룹 “아일릿”
462,462,[#유퀴즈] 뉴진스의 독보적인 감성 제대로 살린 신우석 감독🎬 스킵 못하는 광고를 만드는 〈돌고래유괴단〉의 스토리텔링
463,463,[#유퀴즈온더블럭] 모두 Attention🎵 데뷔 2개월 만에 정산받은 갓기 뉴진스 & 아이돌 콘셉트 장인 민희진 대표💕 | #나중에또볼동영상
464,464,[4K MIRRORED] NewJeans(뉴진스) - 'OMG' (오엠지) 안무 거울모드(Dance Practice Mirrored)
465,465,NewJeans (뉴진스) 'Attention' 보컬은 왜 뭔가 다르게 들릴까?
466,466,[뉴진스] 그루브 넘치는 풋워크
467,467,NewJeans 뉴진스 - Hype Boy (Citypop ver.) 시티팝 버전
468,468,[ENG] 뉴진스 초대석
469,469,NewJeans(뉴진스) - Cool With You @인기가요 inkigayo 20230813
470,470,NewJeans (뉴진스) 'OMG' Official MV (Performance ver.2)
471,471,(ENG)라따따따 내 심장을 울린~ ★뉴진스★의 A to Z🥰 #highlight #highlight#유퀴즈온더블럭 | YOU QUIZ ON THE BLOCK EP.172
472,472,[MPD직캠] 뉴진스 직캠 8K 'Cookie' (NewJeans FanCam) | @MCOUNTDOWN_2022.8.4
473,473,(민)희진이가 엄청 혼났던 그날?…뉴진스 'ETA'에 숨겨진 의미 feat. 빈지노
474,474,"뉴진스 샤카탁, 반반 나뉘는 의견"
475,475,"'BTS·뉴진스' 하이브, 엔터사 최초 대기업집단 지정 / 연합뉴스TV (YonhapnewsTV)"
476,476,방시혁이 뉴진스에 추가영입 하겠다는 하이브 연습생의 놀라운 정체
477,477,뉴진스 텔미 #newjeans#tell me
478,478,토끼인척 하는 곰 #newjeans #하이브 #단월드#뉴진스
479,479,[K-Choreo 8K] 뉴진스 직캠 'Hype Boy' (NewJeans Choreography) l @MusicBank 220812
480,480,뉴진스맘이라는 민희진의 충격 카톡
481,481,치킨댄스 챌린지 팜하니
482,482,"[ENG,JPN] 뉴진스 NEW JEANS, '코리아 온 스테이지(Korea on Stage)' 걸그룹 첫 경복궁 무대 참여 소감 인터뷰"
483,483,뉴진스 멤버 어머니 A씨. 통화내용 공개
484,484,[Jeans' ZINE] 봄맞이 피크닉 EP.2 다시 찾아온 엉망잔칭의 기운 💭 | NewJeans
485,485,[리무진 서비스 클립] 와르르 ♥ | 뉴진스 하니 | NewJeans HANNI
486,486,[2022 MAMA] NewJeans - Cookie+Attention+Hurt+Hype boy (MAMA ver.) | Mnet 221130 방송
487,487,NewJeans(뉴진스) - Ditto 교차편집(stage mix)
488,488,💚 Haerin 해린 😺 BIRTHDAY | 240515 | 🔴 Phoning LIVE | NewJeans 뉴진스
489,489,NewJeans (뉴진스) - 'Attention' (Funk Remix) (Prod. MINDA)
490,490,"""하이브, 뉴진스 차별 대우"" vs ""민희진, 뉴진스 가스라이팅…돈에 관심""｜지금 이 뉴스"
491,491,뉴진스 해린 ETA 실물 춤선 느낌
492,492,NewJeans (뉴진스) - 'Cookie' (Highschool Band Remix) (Prod. MINDA)
493,493,"뉴진스, 음악 PD·디자이너 히로시 후지와라와 협업 / YTN"
494,494,10년차 작곡가가 뉴진스 'Ditto' 듣고 놀란이유??
495,495,뉴진스 해체 위기 빠지나...탄원서 제출에 '피프티피프티 사태' 교훈 잊었나 비판 나온 이유...법원 판결에 방시혁 민희진 운명 갈리나...전홍준에 안성일+삼푼이 '폭망' #뉴진스
496,496,[풀버전] NewJeans (뉴진스) '다시 만난 세계(Into The New World)' - 하니 X 다니엘 (원곡:소녀시대) | Newjeans HANNI X DANIELLE
497,497,NewJeans (뉴진스) 'Zero' Official MV
498,498,[K-Choreo 8K] 뉴진스 직캠 'Super Shy' (NewJeans Choreography) @MusicBank 230714
499,499,[뉴진스] 강떤여자 막내에게 존댓말 모음
500,500,민희진 뉴진스 비하 진짜일까? 개뚱뚱 개초딩
501,501,"KBS '2024 코리아 온 스테이지' 경복궁 근정전, 뉴진스 무대 메이킹 영상 l KBS 2024 Korea On Stage, NewJeans stage MAKING FILM"
502,502,"[자막뉴스] 뉴진스, 공식 컴백 앞두고 근정전 특별 무대…풀버전은? / KBS 2024.05.18."
503,503,NewJeans (뉴진스) 'Ditto' (교차편집 Stage Mix)
504,504,[ENG] 뉴진스 하니가 고른 하루 중 제일 행복한 순간은? ㅣ하니ㅣ뉴진스ㅣ줌터뷰
505,505,뉴진스 목소리로 영국박물관 전시품 해설…달항아리·로마황제상 / 연합뉴스 (Yonhapnews)
506,506,[뉴진스] 다니엘 감당하기
507,507,221129 뉴진스 하니 NewJeans HANNI WA DA DA MAMA 직캠
508,508,NewJeans (뉴진스) 'Hype Boy' Official MV (Intro)
509,509,Super Shy - 뉴진스(NewJeans) [뮤직뱅크/Music Bank] | KBS 230721 방송
510,510,[얼빡직캠 4K] 뉴진스 해린 'Attention' (NewJeans HAERIN Facecam) @뮤직뱅크(Music Bank) 220805
511,511,파워퍼프걸이 된 뉴진스 #shorts
512,512,[에디터픽] '뉴진스' 두고 경영권 분쟁? 하루만에 7천억 증발한 하이브 / YTN
513,513,나이키 직원이 된 뉴진스 민지😳?!
514,514,[Mirrored] 뉴진스(NewJeans)-Hype boy(하입보이) 안무영상 안무 거울모드(Dance Practice Mirrored)
515,515,[MPD직캠] 뉴진스 직캠 8K 'Hype Boy' (NewJeans FanCam) | @MCOUNTDOWN_2022.8.4
516,516,[MPD직캠] 뉴진스 해린 직캠 4K 'Cookie' (NewJeans HAERIN FanCam) | @MCOUNTDOWN_2022.8.4
517,517,[페이스캠4K] 뉴진스 민지 'OMG' (NewJeans MINJI FaceCam) @SBS Inkigayo 230115
518,518,강해린 혼자 이상한 거 먹는다
519,519,콩쥐의 돌변? 뉴진스 갑자기 이러네?ㅋㅋ
520,520,[뉴진스] 불호 없는 케미 다니x해린 모음
521,521,[K-Fancam] 뉴진스 해린 직캠 'New Jeans' (NewJeans HAERIN Fancam) @뮤직뱅크(Music Bank) 230714
522,522,NewJeans(뉴진스) - Hype boy 교차편집(stage mix)
523,523,뉴진스 디토 Ditto 댄스 프랙티스 전문가 해외반응 리액션 한글자막 NEWJEANS DITTO DANCE PRACTICE REACTION ENG SUB react
524,524,"220921 NewJeans (뉴진스) Full Ver. ""Attention, Cookie, Hurt, Hype Boy"" 직캠(Fancam) [4K 60p] @단국대학교 축제"
525,525,"아일릿 새 안무에…뉴진스 안무가들 ""죄다 복붙"" 결국 폭발 / SBS / 스브스픽"
526,526,NewJeans (뉴진스) 'Ditto' Performance Video (HAERIN ver.)
527,527,NewJeans(뉴진스) - Super Shy @인기가요 inkigayo 20230806
528,528,"말레이 불교계·정치권, 뉴진스님 공연에 ‘발끈’ | 뉴스A 라이브"
529,529,뉴진스가 베꼈다는 멕시코 걸그룹 '진스'
530,530,[뉴진스 하니] BTS 슈가도 참지 못하는 그녀의 귀여움
531,531,230611 위버스콘 뉴진스 하니 'Attention' (Newjeans Hanni Fancam) 직캠 4K 60P
532,532,NewJeans (뉴진스) 'Ditto' Dance Clip
533,533,ETA - 뉴진스(NewJeans) [2023 새만금 세계스카우트잼버리 케이팝 슈퍼라이브] | KBS 230811 방송
534,534,[단독샷캠4K] 뉴진스 'Cookie' 단독샷 별도녹화│NewJeans ONE TAKE STAGE @SBS Inkigayo 220807
535,535,"니니모송🐱 | 뉴진스X핑크퐁X아기상어 | 니니모는 핑크퐁, 뉴진스가 가는 곳 어디든 따라갈테야🐈 | 핑크퐁 Dance Alive"
536,536,[뉴진스] 그 어려운 걸 해낸 파리 소녀들
537,537,[선공개] 라이브도 잘하는 갓기들의 'Hype Boy' 무반주 한소절🎤 | 뉴진스(NewJeans) | 두시탈출 컬투쇼
538,538,"[리무진서비스] EP.46 뉴진스 하니 | NewJeans HANNI | OMG, Just A Feeling, 와르르 ♥, Lucky"
539,539,250(이오공)이 프로듀싱했다는 MMA 2022 뉴진스 Hype Boy 댄스브레이크 파트🎹
540,540,"뉴진스 민지, 당신이 몰랐던 14가지 사실 ""여학생들이 화장을 고치기 시작.."" [ENG][JPN]"
541,541,뉴진스 깐머 VS 덮머 #shorts
542,542,몽환적인 뉴진스의 짝사랑 신곡 💗 𝗡𝗲𝘄𝗝𝗲𝗮𝗻𝘀 - 𝗦𝘂𝗽𝗲𝗿 𝗦𝗵𝘆 [한글 가사/해석]
543,543,[뮤뱅 캠코더📹] 뉴진스(NewJeans) 'Ditto' BanHeesoo Ver. @뮤직뱅크(Music Bank) 230120
544,544,뉴진스 인사를 씹었다? 민희진 소름돋는 탈 하이브 계획
545,545,[2022 가요대전 페이스캠4K] 뉴진스 해린 'Tell Me (원더걸스)' (NewJeans HAERIN Facecam)│@SBS Gayo Daejeon 221224
546,546,[NewJeans - Hype Boy] #엠카운트다운 EP.767 | Mnet 220825 방송
547,547,NewJeans (뉴진스) 'OMG' Dance Practice (Fix ver.)
548,548,2023년 01월 02일 2부 | [ENG] 뉴진스 초대석 (with 주우재)
549,549,[뉴진스] 민지 T의 단호함에 당황하는 하니
550,550,NewJeans(뉴진스) - Hurt @인기가요 inkigayo 20220828
551,551,뉴진스 신곡 #NewJeans_BubbleGum 30초 트위터에 올라온거!!! #Hanni #ハニ #NewJeans
552,552,연예인들도 팬 된다는 뉴진스 인기 수준 ㄷㄷ #shorts
553,553,NewJeans 뉴진스 'Bad Cookie'
554,554,"[맥도날드x뉴진스] 색다른 차원의 빠삭함, 맥크리스피(Full ver.)"
555,555,뉴진스 뮤직비디오를 예언한 무한도전 🧝🏻‍♀️
556,556,뉴진스 먹방 모음
557,557,아이돌 작명할 명수 - 뉴진스 #할명수 #할명수 #NewJeans #shorts
558,558,뉴진스 ( Newjeans ) - Hype boy. cover #한림예고
559,559,킴민지가 키우는 강해린
560,560,[뉴진스] 갑자기 강아지 등장
561,561,일본방송 뉴진스 attention + 인터뷰
562,562,뒤늦게 터진 뉴진스 표절 의혹.. ㄷㄷ (feat.아일릿)
563,563,방시혁의 특이한 '안면인식' ㅋㅋ
564,564,[뉴진스] 민지 “그” 표정 모음
565,565,[4K Mirrored] NewJeans(뉴진스) - 'Ditto' (디토) 안무 거울모드(Dance Practice Mirrored)
566,566,"뉴진스에 '눈물 버튼' 회사엔 1초 만에 '폭발'한 민희진…하이브 ""답변할 가치 없다"" 입장에 다시 나와 한 말 (현장영상) / SBS"
567,567,[뉴진스] 5각 관계 모음
568,568,뉴진스 경복궁 근정전 스페셜 무대 공개 / KBS 2024.05.16.
569,569,"[이슈] 뉴진스, 경복궁 퍼포먼스 영상 공개/NewJeans ""Special Performance"" Official Teaser Released/2024년 5월16일(목)/KBS"
570,570,[2022 가요대전 4K] 뉴진스 'Intro + Tell Me(원더걸스)' (NewJeans FullCam)│@SBS Gayo Daejeon 221224
571,571,"뉴진스, ‘INTRO + ETA & Super Shy’ 축하공연 [제44회 청룡영화상 시상식] | KBS 231124 방송"
572,572,[MPD직캠] 뉴진스 하니 직캠 4K 'Attention' (NewJeans HANNI FanCam) | @MCOUNTDOWN_2022.8.11
573,573,[얼빡직캠 4K] 뉴진스 민지 'Hype Boy' (NewJeans MINJI Facecam) @뮤직뱅크(Music Bank) 220812
574,574,[자막뉴스] 법원에 등장한 뉴진스 이름 '깜짝'...민희진 지키려 직접 나섰나? / YTN
575,575,𝐏𝐥𝐚𝐲𝐥𝐢𝐬𝐭 드라이브 때 들으려고 만든 뉴진스 시티팝 노래 모음 | Full Album
576,576,[ENG/JP] 뉴진스 체육교실 (OMG 퀸민지 상위 4% 도전)⚡아이돌 출발 드림팀⚡ [EP.5-2] | Idol's Physical Race | NewJeans | Ditto
577,577,'디제이' NO! '록스타' OK?…뉴진스님 차별 논란｜지금 이 장면
578,578,경복궁 근정전 밝힌 뉴진스…“한국의 미 뽐냈다!” / KBS 2024.05.16.
579,579,[뉴진스] 뉴진스 무한도전 밈 모음 #newjeans #hypeboy #omg #뉴진스 #무한도전 #밈#shorts #ditto
580,580,ETA - 뉴진스(NewJeans) [뮤직뱅크/Music Bank] | KBS 230728 방송
581,581,[Full Album] NewJeans (뉴진스) – New Jeans
582,582,[뉴진스 해린] 갭차이 실화ㅋㅋㅋ
583,583,뉴진스 혜인 녹음실 음색
584,584,"뉴진스, 법원에 개인 명의 탄원서 제출 / KBS 2024.05.18."
585,585,[K-베스트 댓글 모음📂] 뉴진스(NewJeans) - ETA @뮤직뱅크(Music Bank) | KBS 230728 방송
586,586,"뉴진스, 이번엔 표절 의혹 제기 논란"
587,587,뉴진스 리그 오브 레전드 GODS 리허설 비하인드
588,588,[뉴진스] 2개월 만에 정산 받고 산 것 #유퀴즈
589,589,[KPOP IN PUBLIC | ONE TAKE] NewJeans (뉴진스) 'Attention' - Dance Cover by KD Center from Poland
590,590,NewJeans (뉴진스) 'Attention' 교차편집 (Stage Mix) [4K]
591,591,"법정 간 민희진 논란...""뉴진스 보호"" VS ""돈벌이 수단"" / YTN"
592,592,뉴진스 하니 얼굴 분석 중 깨달은 것! #shorts
593,593,뉴진스 VS 아이브 영어실력 특징 ㄷㄷ
594,594,[#shorts ] 아니 이렇게 이미지가 달라질 수 있나 [뉴진스/하니]
595,595,"해린, 8세~18세까지 성장 과정 | 뉴진스"
596,596,[얼빡직캠 4K] 뉴진스 하니 'Ditto'(NewJeans HANNI Facecam) @뮤직뱅크(Music Bank) 230120
597,597,[뉴진스] 드디어 풀린 다만세 고음파트
598,598,[K-Fancam] 뉴진스 해린 직캠 'Attention' (NewJeans HAERIN Fancam) l @MusicBank 220805
599,599,NewJeans (뉴진스) 'OMG' Dance Clip
600,600,[페이스캠4K] 뉴진스 하니 'Ditto' (NewJeans HANNI FaceCam) @SBS Inkigayo 230115
601,601,⚠️NEWJEANS (뉴진스) - BUBBLE GUM [10D USE HEADPHONES!] 🎧
602,602,[에디터픽] 뉴진스 멤버 5명 법원에 탄원서…첫 공식 입장 / YTN
603,603,NewJeans All Songs Playlist (뉴진스 플레이리스트) (With Lyrics)
604,604,[뉴진스] 무대에서 하니에게 일어난 문제에 민지가 한 대처
605,605,'K팝 위상' 상징된 대기업 하이브...변화와 과제는? / YTN
606,606,[MPD직캠] 뉴진스 해린 직캠 4K 'Hype Boy' (NewJeans HAERIN FanCam) | @MCOUNTDOWN_2022.8.4
607,607,[입덕직캠] 뉴진스 하니 직캠 4K 'Attention' (NewJeans HANNI FanCam) | @MCOUNTDOWN_2022.8.11
608,608,NewJeans 뉴진스 혜인 커버댄스 | 유아(YooA) - ♬숲의 아이(Bon voyage) [놀아줘클럽]
609,609,NewJeans (뉴진스) - Ditto (R&B trap remix by jis jeong)
610,610,[뉴진스/하니] 미션못할까봐 혼자 긴장해서 웃질못하는 팜하니ㅠㅠ
611,611,[ENG/JP] 뉴진스 민지 못하는게 뭔지? feat. Ditto 최초 공개 ⚡아이돌 출발 드림팀⚡ [EP.5-1] | Idol's Physical Race | NewJeans
612,612,"“결국 지나갈 거야”.... 뉴진스 다니엘X민지, 하이브vs민희진 분쟁 속 심경고백 #newjeans #minheejin #hybe"
613,613,"[뉴진스 NewJeans 무대 ] 에스파 aespa,이영지,BOYNEXTDOOR, 실리카겔,스테이씨 Reaction @231202 2023 mma 멜론뮤직어워드 직캠"
614,614,1분안에 알아보는 뉴진스 춤 실력 성장과정ㄷㄷ
615,615,"""방시혁, 뉴진스 인사 무시?""…""아일릿 새 안무, 죄다 복붙"" 폭발 / SBS / 모아보는 뉴스"
616,616,[뉴진스] 하니 놀리는 민지 모음
617,617,NewJeans (뉴진스) 'INTRO+OMG' Stage Cam @ 2023 Weverse Con Festival
618,618,울지마🙅🏻‍♀️뉴진스 포닝 20240506
619,619,[얼빡직캠 4K] 뉴진스 민지 'Attention' (NewJeans MINJI Facecam) @뮤직뱅크(Music Bank) 220805
620,620,eng)코카콜라 맛있다. 맛있으면 또 먹어 NewJeans (뉴진스) - Zero MV reaction 리액션
621,621,(Full Focused) NewJeans(뉴진스) 'Attention' 4K | BE ORIGINAL
622,622,[에디터픽] 뉴진스 멤버 5명 법원에 탄원서..분쟁 개입 신호탄? / YTN
623,623,한국에서 더 잘하자 터져버린 해외 반응
624,624,NewJeans (뉴진스) - Cookie | KCON 2022 SAUDI ARABIA
625,625,[Light Jeans] NewJeans (뉴진스) 'Hype Boy' MV Reaction
626,626,[4K] 뉴진스 'Attention' 뮤직뱅크 1위 앵콜 직캠 (NewJeans Encore Fancam) @MusicBank 220819
627,627,[MPD직캠] 뉴진스 하니 직캠 4K 'Cookie' (NewJeans HANNI FanCam) | @MCOUNTDOWN_2022.8.4
628,628,[뉴진스] 🐻민지 ESTJ 모먼트.zip 2편 (Newjeans Minji MBTI)
629,629,뉴진스 해린 실물 현장 후기((NewJeans HAERIN)
630,630,Hanni had enough 😂 #newjeans #뉴진스 #kpop
631,631,[K-Fancam] 뉴진스 민지 직캠 'Attention' (NewJeans MINJI Fancam) l @MusicBank 220805
632,632,논란 속에도 뉴진스 신곡 뮤비 ‘600만 뷰’ 터졌다 | 뉴스TOP 10
633,633,연등회 한마당ㅣ극락도 樂이다 #부처핸섬 #뉴진스님 (2024년 5월 12일)
634,634,침묵 깬 방시혁...'민희진 사태' 첫 입장 냈다 [지금이뉴스] / YTN
635,635,𝑷𝒍𝒂𝒚𝒍𝒊𝒔𝒕 │ “꿈에서 깨워주지 마” ⋰˚☆ │ 몽환적인 뉴진스 플리 │ NewJeans
636,636,뉴진스(NewJeans) - 노세노세
637,637,[제37회 골든디스크] NewJeans - 'Opening + Attention (Golden Disc ver.) + Hype Boy + OMG' ♪｜JTBC 230107 방송
638,638,"“하이브, 뉴진스 차별대우” vs “민희진, 뉴진스 방패막이” 법정공방 / KBS 2024.05.18."
639,639,[안방1열 직캠4K] 뉴진스 민지 'Attention' (NewJeans MINJI FanCam) @SBS Inkigayo 220807
640,640,르세라핌 아직 정신 못차린듯
641,641,확신의 고양이상 강해린 귀엽고 웃긴 모먼트 모음 zip
642,642,"""'뉴진스' 성공 예상했다""…K-POP의 지휘자 '프로듀서 민희진' / SBS / 초대석"
643,643,"아이돌vlog)뉴진스 멤버 광고 통편집 해명, 다이소 엠버서더 된 근황 브이로그"
644,644,[뉴진스] 하니 담당 한국어 선생님들 모음
645,645,"뉴진스 전원, 법원에 탄원서…민희진에 힘 실은 듯 [MBN 뉴스센터]"
646,646,민지&혜인 X 제이홉 'on the street' 챌린지. 뉴진스와 방탄 조합이라니 좋다ㅎㅎ 셋 다 넘 귀여움ㅋㅋ #홉진스 #BTS #jhope #NewJeans #뉴진스
647,647,이게 진짜 키라고?ㄷㄷ 뉴진스 멤버들 키 공개되자마자 난리난 이유
648,648,"뉴진스 멤버들, 법원에 탄원서 제출…내용은 공개 안 돼 / 연합뉴스TV (YonhapnewsTV)"
649,649,[BTN뉴스] 우리학교에 뉴진스님 오신 날 “자랑하고 싶어요”
650,650,[뉴진스] 노래랑 다른 귀여운 안무가 포인트
651,651,"하이브, 컴백 앞둔 뉴진스 소속사 감사 착수...민희진 ""어이없다"" [지금이뉴스] / YTN"
652,652,[ENG/JP] 오늘은 돈쓰는 날💰 feat.뉴진스 미공개 클립 ⚡아이돌 출발 드림팀⚡ [EP.5-3] | Idol's Physical Race | NewJeans | OMG
653,653,"""전쟁이구나""…'아일릿' 공식 SNS, '뉴진스' 악플러 팔로우 논란 / SBS / 스브스픽"
654,654,하이브 감사 시작 전 주식 전부 판 어도어 부대표｜지금 이 장면
655,655,[안방1열 풀캠4K] 뉴진스 'OMG' (NewJeans FullCam)│@SBS Inkigayo 230129
656,656,New Jeans Full Album Playlist
657,657,'부처핸섬' 인기 얻고 밈도 섭렵…젊어진 부처님오신날 [MBN 뉴스7]
658,658,[뮤뱅 원테이크] 뉴진스(NewJeans) 'Super Shy' Bonus Ver. @뮤직뱅크(Music Bank) 230714
659,659,[뉴진스] 피식하면 끝난 겨 EP.3
660,660,"“하이브, 뉴진스 차별대우” vs “민희진, 뉴진스 방패막이” 법정공방 / KBS 2024.05.17."
661,661,"""부처님도 씰룩거리시겠다ㅋㅋㅋ""…SNS 난리 난 불교 근황 / SBS / 모아보는 뉴스"
662,662,[페이스캠4K] 뉴진스 해린 'OMG' (NewJeans HAERIN FaceCam) @SBS Inkigayo 230115
663,663,"뉴진스님 ""극락도 락""...세상 '힙'한 불교 행사 [이슈PLAY] / JTBC News"
664,664,"🐰뉴진스 하니에게 입덕했다면 꼭 봐야할 귀여운 하니어, 말투 모음집 최신판 🐰"
665,665,Newjeans(뉴진스) 하니 X Colde(콜드) - '와르르♥' | Newjeans HANNI X Colde - 'WA-R-R'
666,666,"[단독] 정부, '안무저작권 지침' 만든다…'뉴진스 사태'로 연말까지 가이드라인 마련"
667,667,[앵콜캠4K] 뉴진스 'Attention' 인기가요 1위 앵콜 직캠 (NewJeans Encore Fancam) | @SBS Inkigayo_2022.08.21.
668,668,"“하이브, 뉴진스 차별대우” vs “민희진, 뉴진스 방패막이” 법정공방 [9시 뉴스] / KBS 2024.05.17."
669,669,아미 이어 이번에는 버니즈 나섰다…하이브서 “뉴진스 지지” 경영진 갈등→혜인 부상까지.. 악재에도 뉴진스 컴백 준비 이상 無 #newjeans
670,670,[안방1열 풀캠4K] 뉴진스 'New Jeans' (NewJeans FullCam)│@SBS Inkigayo 230716
671,671,"NEW JEANS 뉴진스, 근정전 티저 촬영 메이킹 현장 공개"
672,672,진짜가 나타났다..❗️뉴진스 담당쌤이 알려주는 ✨진짜✨ 뉴진스st 메이크업 + 어디에서 볼 수 없는 꿀팁❤️ :: Real NewJeans Makeup
673,673,"뉴진스, 칸예, 지디도 팬 인증! 30년째 가장 잘 팔리는 예술가 '무라카미 다카시' 이야기"
674,674,NewJeans I LG gram : 그램Style 뉴진스 리미티드 에디션 출시 기념 '아름다워' Official M/V
675,675,뉴진스 Attention 뮤비 표절
676,676,[페이스캠4K] 뉴진스 해린 'Cookie' (NewJeans HAERIN FaceCam) @SBS Inkigayo 220807
677,677,[K-Fancam] 뉴진스 하니 직캠 'Ditto' (NewJeans HANNI Fancam) l @MusicBank 230120
678,678,뉴진스 최고의 곡은..
679,679,"[이슈플러스] 하이브·민희진 법정공방...""뉴진스 차별"" vs ""사익 위해 이용"" / YTN"
680,680,"뉴진스, 탄원서로 첫 입장 표명...방시혁 ""민희진, 악의적 행동"" / YTN"
681,681,"핑크퐁VS아기상어, 뉴진스의 새 멤버는 누가 될까? | 뉴진스가 직접 알려주는 Attention(어텐션) 안무 포인트 | 뉴진스의 댄스클래스(4K) | 핑크퐁 Dance Alive"
682,682,[안방1열 직캠4K] 뉴진스 하니 'Cookie' (NewJeans HANNI FanCam) @SBS Inkigayo 220807
683,683,법원에 탄원서 낸 뉴진스 멤버들 #Shorts (MBC뉴스)
684,684,"2022 AKARAKA 아카라카 뉴진스 New Jeans Full? ver. 민지야 사랑해....Attention, Cookie, Hurt, Hype boy ✨VIP 1열시점✨"
685,685,NewJeans (뉴진스) 'Ditto' Dance Practice
686,686,"뉴진스 1위곡 vs 2위곡, 여러분의 선택은? #뉴진스 #newjeans #쇼츠 #shorts"
687,687,"NewJeans 뉴진스 2022 MMA (Cookie + Hype boy + Attention) Stage Reaction ( IVE, STAYC, ATBO, 임영웅, 멜로망스)"
688,688,"[자막뉴스] 김호중, 사고 전 유흥주점 갔다...새 녹취 터지자 소속사가 낸 입장 / YTN"
689,689,[Light Jeans] NewJeans in Singapore with Nike🌴 | NewJeans
690,690,[Jeans' ZINE] 우밤당낮 아케이드 EP.2 아무도 못 이김 👽🖍️🛞 | NewJeans
691,691,‘이거 진짜야?’ 순식간에 모든 게 사라졌다..최악의 공포 덮친 美 [세계는 날리지]
692,692,"[뉴진스] 실시간 충격 뉴진스 ""계약해지 전문변호사 선임"" (""New Jeans"" prepares a lawsuit to terminate contract with HYBE)"
693,693,뉴진스[NewJeans] 대선배라 불리는 일본 걸그룹
694,694,뉴진스(NewJeans)만 보면 하트💖가 튀어나와~ 귀엽고 사랑스런 뉴깅이들 하고 싶은 거 다해~요약ZIP EP.1(SUB)ㅣ#뉴진스코드in부산 #뉴진스컴백축하해
695,695,[ENG]최초공개! #뉴진스 혜인의 가방 속을 처음 공개합니다. 혜인이가 좋아하는 최애 키링들부터 민지 언니에게 선물 받은 아이템까지. 귀염막둥이의 가방 속에는 무엇이?
696,696,하이브 - 민희진 법정서 정면충돌…뉴진스 놓고 감정싸움 / 연합뉴스TV (YonhapnewsTV)
697,697,"하이브, 뉴진스 긴 휴가 제안 폭로한 엄마 (+삼프티)"
698,698,아일릿 멤버가 뉴진스 안티글을 보다가 실수했다고?
699,699,뉴진스 노래모음 (가사포함) | NewJeans Playlist (Korean Lyrics)
700,700,"[단독]김호중, 사고 직전 유흥주점 들렀다 | 뉴스A"
701,701,1부 뉴진스 지켜 2부 자전거 쇼핑 3부 흑자명화
702,702,[Light Jeans] Billboard Women In Music Photoshoot Behind🌷 | NewJeans
703,703,"하이브-민희진 첫 법정 다툼... ""뉴진스 가스라이팅"" vs""차별 대우"" [이슈PLAY] / JTBC News"
704,704,250과 FRNK가 프로듀싱한 아이돌 노래라고?! | NewJeans (뉴진스) - New Jeans [FULL ALBUM]
705,705,"하이브 - 민희진 법정공방…""뉴진스 차별"" vs ""가스라이팅"" / 연합뉴스TV (YonhapnewsTV)"
706,706,NewJeans (뉴진스) 'OMG' MV Reaction
707,707,A film by NewJeans 🎬 출연: 뉴진스 / 촬영: 뉴진스 / 편집: 뉴진스 #NewJeans #뉴진스 #NewJeans_OMG #NewJeans_Ditto
708,708,[OPEN 인터뷰]뉴진스 뛰어넘는 대형 신인(?)…JYP 가르침 받고 이렇게 컸다! | 뉴스A
709,709,[이슈 직진] 뉴진스 멤버 전원 탄원서...법원이 누구 손 들어줄까? #shorts #뉴스센터 | MBN 240518 방송
710,710,'뉴진스 맘' 민희진 대표 아닌 현실 부모님들의 이야기를 들어보자 (맴찢) #shorts #뉴진스 #방시혁
711,711,뉴진스의 신곡 Supernatural 작사•작곡에 참여한 퍼렐 윌리엄스(Pharrell williams)
712,712,"[뉴스 '꾹'] ""한가인 씨에 죄송"" 폭발한 PD들..""방송재개 안 되면 강경투쟁"" (2024.05.14/MBC뉴스)"
713,713,OMG step challenge 🅾️❎ #NewJeans #뉴진스 #NewJeans_OMG #NewJeans_Ditto#Year_of_NewJeans
714,714,NewJeans (뉴진스) The 37th GOLDEN DISC AWARDS Dance Practice
715,715,[자막뉴스] 눈부신 K팝 이면엔...고스란히 드러난 민낯 / YTN
716,716,"[이슈] 하이브-민희진, ‘대표 해임’가처분 오늘 심문/Min Heejin having a court hearing against HYBE/2024년 5월17일(금)/KBS"
717,717,"민희진 ""외부 투자 제안?…투자와 무관한 사적인 자리"" / SBS / 굿모닝연예"
718,718,민희진 운명의 날…가처분 심문｜지금 이 장면
719,719,keep calm and OMG❤️‍🔥 #NewJeans #뉴진스 #NewJeans_OMG #NewJeans_Ditto #Year_of_NewJeans
720,720,"[이슈] 엄빠 전쟁에도…뉴진스, 신곡 뮤비 ‘1000만뷰’ 대박 / 뉴진스, ‘Bubble Gum’ 뮤비 공개…뉴진스 감성 ‘몽글몽글’ 24.04.28 | MBN NEWS"
721,721,New Jeans(뉴진스) - Bubble Gum (cover)
722,722,뉴진스 다니엘 X 하니 - 정말 사랑했을까 | 브라운 아이드 소울 | AI Cover
723,723,"뉴진스 결국 법정으로? 멤버 전원, 탄원서 냈다 | 이슈픽 zip"
724,724,[단독]김호중 뺑소니 입건…사라진 블랙박스 메모리카드 | 뉴스A
725,725,2024 미스춘향 (진) 미모의 김정윤님 뉴진스(NewJeans) Super Shy 무대
726,726,"검찰 향해 역정낸 김성태 ""우리가 봉이냐고, 정치인한텐 말도 못하는 것들이""…징역 3년 6개월 구형 받고 한 말 (현장영상) / SBS"
727,727,뉴진스를 보는 각종 커뮤니티 반응
728,728,한국을 사랑하는 뉴진스
729,729,민희진.. 뉴진스 개ㅆ욕 카톡내용 🤦‍♀️ | 뉴진스 맘이라더니 이게 현실 | 감성팔이만 하면 선동되는 대한민국
730,730,"""어서와~ 불교 EDM은 처음이지?""... 조계종도 뉴진스님 대환영 #shorts / 연합뉴스TV (YonhapnewsTV)"
731,731,[오늘세계는] 이슬람 국가 말레이시아가 뉴진스님 입국 금지한 속사정은? -구정은 국제전문기자ㅣKBS 240517 방송
732,732,[뉴진스] 하니가 고른 뉴진스 최고의 무대는?
733,733,"#뉴진스, KBS '2024 코리아 온 스테이지' 경복궁 근정전 메이킹 필름 공개 | KBS 2024 Korea On Stage, NewJeans Making Film"
734,734,"#뉴진스 이 정도면 국가유산! (KBS 2024 Korea On Stage, NewJeans stage making)"
735,735,뉴진스 좋아 버블검 좋아🫧💙 #newjeans #뉴진스 #bubblegum #버블검 #cover #kpop #kpopcover #음악 #노래 #노래추천 #플레이리스트 #커버
736,736,뉴진스 하니(Hanni) - 가끔 난 날 안 믿어(Nothing Matters) / 씨잼(C JAMM) [AI COVER]
737,737,[뉴진스] 욕심쟁이 다람쥐
738,738,"부처님 오신 날, 뉴진스님 보고 극락가소서🤩"
739,739,자기 파트에 딴짓하는 뉴진스 하니 논란
740,740,하이브 vs 민희진 싸움에 뉴진스 등 터지다...
741,741,뉴진스 감독 입장 밝혔다
742,742,"법정서 맞붙은 하이브·민희진 측…""차별 대우""·""가스라이팅"" / SBS / #D리포트"
743,743,뉴진스 하니(Hanni) - 끽 (feat. 민지) / 씨잼(C JAMM) (feat. Yescoba) [AI COVER]
744,744,"뉴진스, 걸그룹 최초 경복궁 근정전 앞에서 공연 / 연합뉴스TV (YonhapnewsTV)"
745,745,[버니즈로그] NewJeans👖💙덕질로그 뉴진스 다니엘 & 혜인 & 해린 & 민지 & 캣닢즈 생일 카페 투어 브이로그
746,746,민희진 대표 뉴진스 험담 카톡 내역 공개 [사실이라면 법적으로 불리해질 가능성이 농후하다] #shorts
747,747,뉴진스 하니 - 넌 쉽게 말했지만 | 윤상 | AI Cover
748,748,발소리만 듣고 뉴진스 안무 맞추기 가능?? #NEWJEANS #shorts
749,749,뉴진스 하니(Hanni) - 끽 (feat. 민지) / 씨잼(C JAMM) (feat. Yescoba) [AI COVER] #shorts
750,750,1시간-뉴진스(Newjeans) - Bubble Gum(2024.4.27.)-가사(Lyrics)
751,751,뉴진스 하니(Hanni) - 가끔 난 날 안 믿어(Nothing Matters) / 씨잼(C JAMM) [AI COVER] #shorts
752,752,뉴진스 하니가 작작년에 받은 것은?
753,753,"방시혁 하이브 아티스트 SNS 차별논란, 왜 뉴진스만 없을까? #shorts #르세라핌 #뉴진스"
754,754,버니즈는 다 알아야 하는 뉴진스 해린의 숨은 매력 포인트 #버니즈 #뉴진스 #해린 #앞니 #총생
755,755,팜르렁 #뉴진스 #하니 #해린 #혜인 #Newjeans 🎥 [Jeans' ZINE] 조금 이른 봄놀이 EP.2 비가 와도 직진 직진🛶 ｜ NewJeans
756,756,'부처핸섬' 인기 얻고 밈도 섭렵…젊어진 부처님오신날 [굿모닝 MBN]
757,757,(나의체) 인어공주 한글버전 가사 써보기 (뉴진스 다니엘 버전) #kpop #Danielle #뉴진스 #다니엘
758,758,|하남댄스학원| NewJeans (뉴진스) 'Cookie' |걸스힙합| |BUZZER BEATER DANCE| (하남미사댄스학원)
759,759,4명만 나온다고 활동 중단 컴백 함께하지 않아 뉴진스 멤버
760,760,[뉴진스 하니&해린&혜인] 욕심쟁이 다람쥐 🐿
761,761,뉴진스 멤버 5명 법원에 탄원서...
762,762,뉴진스 민지-Strawberries & Cigarettes(Troy sivan) AI cover
763,763,뉴진스의 건강관리 비결 풍선껌 'Bubble Gum' #shorts#할명수#박명수
764,764,NewJeans (뉴진스) ‘Bubble Gum’ (dese Remix)
765,765,NCT U 엔시티 유 'Baggy Jeans' MV
766,766,"[뉴스초점] 김호중 ""진실 밝혀질 것"" 첫 입장…오늘도 공연 강행 / 연합뉴스TV (YonhapnewsTV)"
767,767,뉴진스 뮤비에 늘 함께했던 아이템이 있다고?
768,768,뉴진스 해린(Haerin) - 애상 / 쿨(COOL) [AI COVER] #shorts
769,769,뉴진스 해린- 그러는 그대는 (IU) AI COVER
770,770,Bubble Gum - NewJeans(뉴진스) (cover)
771,771,"3년 연속 5·18 기념식 찾은 尹‥ ""오월 정신, 자유민주주의 꽃"" - [풀영상] MBC 뉴스데스크 2024년 05월 18일"
772,772,𝗣𝗹𝗮𝘆𝗹𝗶𝘀𝘁 • 소녀들의 취향을 가득 담아 | 뉴진스의 추천곡 NewJeans
773,773,🌟스톤헨지X뉴진스 AR필터🌟 #stonehenge #newjeans #selfie
774,774,레고로 만든 뉴진스 버블껌 #뉴진스 #newjeans #버블검 #bubblegum #뮤직비디오 #레고스톱모션
775,775,코리아 온 스테이지 경복궁 근정전 뉴진스 티저 메이킹 영상ㅣ#newjeans #뉴진스 #경복궁 #근정전
776,776,"""떨어졌을 때 들어가야""...미국 증시 투자 전략[염블리의 비밀노트/5월 3주차 ②]"
777,777,뉴진스가 아이브때매 망한 이유 TOP7
778,778,"[뉴스포커스] 김호중 ""음주운전 한 것 맞다""…입장 변화 이유는? / 연합뉴스TV (YonhapnewsTV)"
779,779,"[다시보기] 뉴스룸｜""윤 대통령 임기부터 1년 줄이자"" 조국이 쏘아올린 '개헌론' (24.5.17) / JTBC News"
780,780,"MBN 뉴스센터 [다시보기] 윤 대통령 5·18 기념식 3년 연속 참석…""풍요로운 미래가 오월 정신의 계승"" - 2024.5.18 방송"
781,781,"[핫클릭] 뉴진스, 걸그룹 최초 경복궁 근정전 공연 外 / 연합뉴스TV (YonhapnewsTV)"
782,782,킬포가 너무 많은 버블검 뮤비 #뉴진스 #민지 #하니 #다니엘 #해린 #혜인 #버니즈 #팜니쥬 #PhamneedU #PNU #NJS #newjeans
783,783,NCT U (엔시티 유) - Baggy Jeans | Show! MusicCore | MBC230902방송
784,784,왜.. 물어본거야? #뉴진스 #민지 #혜인 #Newjeans 🎥 [ENG SUB] 기분이 나쁠 땐？ 뉴진스를 보세요😉👈🏻 ｜ 아이돌 인간극장
785,785,NewJeans (뉴진스) 'Lie' (AI)
786,786,"트로트 가수 김호중, 뺑소니 후 운전자 바꿔치기 의혹 [아침&매일경제]"
787,787,[😡뒤질래]민희진 뉴진스 이를 추종하는 짐승들 _ 살포시 즈려밟고 나락가자/구제불능이다
788,788,[1시간] NewJeans (뉴진스) 'Bubble Gum' / 𝑝𝑙𝑎𝑦𝑙𝑖𝑠𝑡🫧
789,789,[Playlist] New jeans 앨범 몰아듣기
790,790,뉴진스 해린 강해린 신기한 윙크 모음
791,791,새벽까지 버니즈에게 노래해준 팜하니
792,792,Bubble Gum (New Jeans) / 뉴진스 / Lily Sue
793,793,뉴진스 해린 강해린 신기한 윙크 모음
794,794,뉴진스 이번 신곡 레전드다ㅠ#뉴진스#bubble gum#하루한끼#shorts
795,795,불교가 이럴 줄은.. 뉴진스님에 난리난 이유 [shorts]
796,796,민지언니 해줘 #Hanni #ハニ #NewJeans
797,797,고통을 이겨내면 '극락왕생' #shorts / YTN
798,798,"[가사ASMR] 뉴진스, Bubble Gum / New Jeans' Bubble Gum"
799,799,[Light Jeans] 2024 New Year’s Rockin’ Eve Behind🎆 | NewJeans
800,800,"[다시보기] 뉴스룸｜경찰, 순직 채상병 상관 대질조사…""해병대 수사문건에 상급 부대 지침"" (24.5.19) / JTBC News"
801,801,"[이슈 직진] ""외쳐! 부처핸섬!"" 젊은 세대 사로잡은 '힙한 불교' #shorts #뉴스7 | MBN 240515 방송"
802,802,NewJeans (뉴진스) 'Get Up (Full Version/AI COVER)' Official MV @sanathathoe
803,803,2일차 버니즈의 뉴진스 포카 챌린지! 최애부터 오애까지 맞춰보세요! #뉴진스 #하니 #민지 #해린 #혜인 #다니엘
804,804,뉴진스 해린 앗 네
805,805,[쩜상 시크릿] 불타오르는 음식료주 이제 시작 ! 전선 랠리 고점은 언제까지???? #삼양식품 #ls에코에너지
806,806,'최초 공개' NCT U - Intro + Baggy Jeans #엠카운트다운 EP.812 | Mnet 230831 방송
807,807,마침내 바다를 벗어난 다니에리얼
808,808,NewJeans (뉴진스) 'Gray' (AI)
809,809,제 방 페인트칠 중 3시간 넘게 걸렸어여ㅠ #newjeans #뉴진스 #버니즈#떡상떡상떡상
810,810,"난 행운아야 정말로 I know, I know (최종 ver.)"
811,811,𝐏𝐥𝐚𝐲𝐥𝐢𝐬𝐭 내가 들으려고 만든 뉴진스 노래모음 (1Hour Loop)
812,812,"[에디터픽] 김호중 ""술잔에 입 댔지만 안 마셨다""..검찰총장 대행 출신 변호사 선임 / YTN"
813,813,"[이슈 Pick? Pick!] 3년 연속 5·18 기념식 찾은 尹‥""오월 정신, 자유민주주의 꽃"" (2024.05.18)"
814,814,뉴진스(NewJeans) 노래모음 플레이리스트 [NewJeans PLAYLIST] (신곡포함)
815,815,[1 HOUR] NewJeans (뉴진스) 'Bubble Gum' Lyrics (뉴진스 Bubble Gum 가사) [Color Coded Han_Rom_Eng]
816,816,"[오늘세계는] 풀영상 - 중-러 정상, 회담에서 협력 강화키로 + 클럽에서 공연하는 뉴진스님, 입국 금지 호소한 말레이시아 속사정 外ㅣKBS 240517 방송"
817,817,[미리보는오늘] 박정훈 전 해병대수사단장 4차 공판...'민희진·하이브' 의결권 행사금지... / YTN
818,818,🔴 다시 보는 주간 '조회수HOT' - 2024년 5월 19일 / SBS
819,819,뉴진스 - Ditto (1시간) / 가사 Lyrics
820,820,NewJeans 'Bubble Gum' Lyrics (Color Coded Lyrics Eng/Rom/Han)
821,821,"김호중 뺑소니 논란, 일파만파...하이브-민희진 사태 분수령 / YTN"
822,822,뉴진스 노래모음 (가사포함) | NewJeans Playlist (Korean Lyrics)
823,823,[자막뉴스] ＂부처핸섬!＂ 젊어진 부처님 오신 날 풍경 어땠나? | 이슈픽
824,824,김주하 AI 앵커가 전하는 5월 17일 MBN 뉴스7 주요뉴스
825,825,'K팝 위상' 상징된 대기업 하이브...변화와 과제는? / YTN
826,826,newjeans - bubble gum (cover)
827,827,🎧SIMO의 첫 야외촬영기🎧 NewJeans - Bubble Gum
828,828,【NewJeans】[8K HBR] Be Who You Are @Music Video
829,829,[포인트뉴스] 경찰서 바로 옆에 유령회사…100억대 대출사기 일당 검거 外 / 연합뉴스TV (YonhapnewsTV)
830,830,"흔한 일반인이 직접 부른 “NewJeans - Bubble Gum"" 🫧 #cover #vocal #newjeans #hybe #kpop #covervocal"
831,831,[𝗡𝗲𝘄𝗝𝗲𝗮𝗻𝘀 𝗣𝗹𝗮𝘆𝗹𝗶𝘀𝘁] 뉴진스 노래 모음🐰 (전곡 | All Songs)
832,832,뉴진스의 버블검
833,833,"다가오는 여름을 기다리며 듣는 재즈플리🏖️ SUMMER JAZZ l Jazz Piano Music for Cafe Study, Work, Focus💕"
834,834,어서오세요🙋🏻주문하신 재즈 한 잔 나왔습니다🥤카페 림림에서 들을 수 있는 재즈플리💕 l Coffee&Jazz l Relaxing Jazz Piano Music for Cafe
835,835,*70만 기념* 깜짝 라이브 놀러오세용:)
836,836,𝗧𝘂𝗲𝘀𝗱𝗮𝘆 𝗝𝗮𝘇𝘇 | 출근해서 틀어놓으면 하루 뚝딱..! 퇴근이 빨리 다가오는 재즈플리😀 | Tuesday Jazz Playlist
837,837,쁘띠 마망
838,838,마음이 안정되고 기분 좋아지는 음악🌲하루10분 만병을 치료 해주는 힐링 명상 기치료 음악 및 영상 - 아침음악 - 힐링음악 - 명상음악 - 스트레스해소음악
839,839,[뉴진스] (1시간) 하니 Best Part 커버 [가사해석/ 번역/ 자막]
840,840,Karaoke!
841,841,"💻일할 때 듣기 좋은 재즈플레이리스트🥰 l Relaxing Jazz Piano Music for Study, Work, Focus"
842,842,뉴욕의 연인들 (2011)
843,843,"Playlist: 아침에 듣기 좋은 상쾌한 팝송 모음 🍀 도입부 부터 좋은, 적당히 리듬타는 노래 모음"
844,844,"'채상병 특검법' 거부권 건의‥ 야 ""강력 규탄"" - [LIVE] MBC 뉴스외전 2024년 05월 21일"
845,845,민지 걱정하는 팜 #뉴진스 #민지 #하니 #다니엘 #해린 #혜인 #버니즈 #팜니쥬 #PhamneedU
846,846,(New Jeans) 뉴진스 다니엘 입덕모음.zip2📂
847,847,해린은 어떻게 뉴진스 대표 춤꾼이 되었을까?
848,848,슈가 앤 스타
849,849,MIN HEEJIN WILD SHOCKING KAKAO CHAT (ALLEGEDLY) ABOUT NEWJEANS & BUNNIES NEWJEANS에 대한 충격적인 카카오톡 채팅
